DATE,revenue,tv_S,ooh_S,print_S,facebook_I,search_clicks_P,search_S,competitor_sales_B,facebook_S,events,newsletter,state,group,campaign_active
2015-11-23,3305246.0000000037,22358.3466666667,0.0,12728.4888888889,24301284.2375304,0.0,0.0,8125009,7607.1329148046,na,19401.6538461538,California,Treatment,False
2015-11-30,3101132.0000000037,28613.4533333333,0.0,0.0,5527033.1817753,9837.2384857852,4133.33333333333,7901549,1141.95245035415,na,14791.0,California,Treatment,False
2015-12-07,3056864.0000000037,0.0,132278.4,453.866666666667,16651591.2234904,12044.1196528263,3786.66666666667,8300197,4256.37537782657,na,14544.0,California,Treatment,False
2015-12-14,3450264.0,83450.3066666667,0.0,17680.0,10549765.6762647,12268.0703194346,4253.33333333333,8122883,2800.49067685105,na,2800.0,California,Treatment,False
2015-12-21,2659143.9999999963,0.0,277336.0,0.0,2934089.82625045,9467.2480229987,3613.33333333333,7105985,689.582605192027,na,15478.0,California,Treatment,False
2015-12-28,3083906.0000000037,33225.3066666667,0.0,31922.3111111111,16634027.0357604,12687.2586368544,3773.33333333333,7097237,5337.0051734019,na,13817.0,California,Treatment,False
2016-01-04,2605808.0000000037,687.053333333333,226753.6,0.0,13715898.6058832,12096.504594859,3706.66666666667,6974368,3623.01223287033,na,28817.0,California,Treatment,False
2016-01-11,2956958.0000000037,2952.22666666667,0.0,23581.2888888889,18851563.533732,11588.3696648409,4266.66666666667,7452174,4129.8161531585,na,19082.0,California,Treatment,False
2016-01-18,2415024.0,0.0,0.0,0.0,11910187.8796785,9341.1605005463,3053.33333333333,6703566,3623.01223287033,na,19679.0,California,Treatment,False
2016-01-25,2086694.000000004,0.0,0.0,11243.9111111111,10620420.1845297,7023.24641526987,3053.33333333333,5535394,3002.69058507969,na,15095.0,California,Treatment,False
2016-02-01,2126768.0000000037,16511.8266666667,42477.3333333333,0.0,0.0,9341.32576660873,2746.66666666667,5480098,0.0,na,9795.0,California,Treatment,False
2016-02-08,2170869.999999996,0.0,0.0,4763.55555555556,11416552.5179333,7107.7773245362,2693.33333333333,5872523,3564.38219778663,na,10876.0,California,Treatment,False
2016-02-15,2343288.0,66276.44,0.0,2448.4,5063253.0082151,0.0,0.0,5822926,1448.59774023091,na,19401.6538461538,California,Treatment,False
2016-02-22,1809366.0,0.0,0.0,0.0,0.0,0.0,0.0,5027123,0.0,na,19401.6538461538,California,Treatment,False
2016-02-29,1812470.000000004,41556.2933333333,0.0,0.0,10819486.9089563,5355.8900395874,2293.33333333333,4561518,2415.59640398059,na,583.0,California,Treatment,False
2016-03-07,1906608.0,0.0,0.0,16506.0888888889,0.0,9625.7947240607,2826.66666666667,4996211,0.0,na,8224.0,California,Treatment,False
2016-03-14,1927188.0,19772.44,43994.1333333333,0.0,0.0,5688.41158754657,2373.33333333333,4938630,0.0,na,5311.0,California,Treatment,False
2016-03-21,1627212.0,0.0,0.0,0.0,0.0,7036.81911751627,2293.33333333333,4520383,0.0,na,7428.0,California,Treatment,False
2016-03-28,2524724.0000000037,0.0,66088.5333333333,13579.4222222223,26747226.4873481,6090.3817960061,2533.33333333333,4506918,6471.04840519463,na,10025.0,California,Treatment,False
2016-04-04,1345002.0,0.0,0.0,0.0,1146392.7743076,4636.5521979751,1906.66666666667,3738504,20.8373114038425,na,9460.0,California,Treatment,False
2016-04-11,1369368.0,0.0,66413.8666666667,0.0,0.0,4443.2572985456,1866.66666666667,3768926,0.0,na,2964.0,California,Treatment,False
2016-04-18,1400256.0,11126.7333333333,0.0,0.0,9416454.7015247,5696.9077760121,1786.66666666667,3663385,2348.68785330482,na,11663.0,California,Treatment,False
2016-04-25,1066568.0000000002,0.0,0.0,0.0,0.0,4104.89140549907,1800.0,2960479,0.0,na,6317.0,California,Treatment,False
2016-05-02,1078647.9999999995,0.0,0.0,12518.5777777778,0.0,3685.01449491983,1266.66666666667,2861890,0.0,na,5408.0,California,Treatment,False
2016-05-09,1067248.0000000007,0.0,49957.8666666667,0.0,0.0,4422.71423751953,1426.66666666667,2941465,0.0,na,1900.0,California,Treatment,False
2016-05-16,2298450.0,0.0,0.0,0.0,16918655.5894522,0.0,0.0,3039148,3673.93077397783,na,19401.6538461538,California,Treatment,False
2016-05-23,1208214.0,0.0,124442.666666667,0.0,0.0,0.0,0.0,3292482,0.0,na,19401.6538461538,California,Treatment,False
2016-05-30,1043038.0000000007,0.0,0.0,0.0,0.0,4565.78751920413,1346.66666666667,2895248,0.0,na,9003.0,California,Treatment,False
2016-06-06,872700.0,0.0,0.0,0.0,0.0,3110.33205292188,1200.0,2427455,0.0,na,4305.0,California,Treatment,False
2016-06-13,904476.0,0.0,0.0,0.0,0.0,4813.31436987967,1520.0,2516566,0.0,na,7217.0,California,Treatment,False
2016-06-20,1199036.0000000002,20472.3866666667,123908.266666667,0.0,11151653.5519218,4475.39512233343,1626.66666666667,3012353,2553.15584799705,na,1983.0,California,Treatment,False
2016-06-27,1015011.9999999995,0.0,0.0,0.0,0.0,3675.03050439213,1506.66666666667,2826660,0.0,na,3437.0,California,Treatment,False
2016-07-04,1351220.000000004,10121.0133333333,0.0,5168.4,0.0,4333.65846425293,1746.66666666667,3489775,0.0,na,4147.0,California,Treatment,False
2016-07-11,1369173.999999996,0.0,0.0,0.0,0.0,5852.91406415247,1906.66666666667,3807127,0.0,na,8479.0,California,Treatment,False
2016-07-18,1491188.000000004,1900.41333333333,319643.2,4780.66666666667,11243290.9562371,4215.5367592699,1426.66666666667,3824504,3552.81495682237,na,6348.0,California,Treatment,False
2016-07-25,1552179.999999996,0.0,0.0,0.0,0.0,6289.94462433427,1946.66666666667,4307032,0.0,na,13762.0,California,Treatment,False
2016-08-01,1781811.999999996,28180.2533333333,164217.066666667,0.0,17868520.4627035,6851.71836762067,2280.0,4396674,5102.03141577443,na,11841.0,California,Treatment,False
2016-08-08,1782837.999999996,0.0,0.0,807.777777777777,0.0,7304.35211159833,2533.33333333333,4941143,0.0,na,17162.0,California,Treatment,False
2016-08-15,1867929.999999996,28630.68,0.0,0.0,5124647.2077109,0.0,0.0,4762083,1011.87769166753,na,19401.6538461538,California,Treatment,False
2016-08-22,1669448.000000004,0.0,0.0,13979.7333333333,3888055.5115468,0.0,0.0,4409483,641.83938513355,na,19401.6538461538,California,Treatment,False
2016-08-29,2422539.999999996,23991.16,159645.866666667,0.0,0.0,9151.1797858402,3080.0,6065021,0.0,na,2453.0,California,Treatment,False
2016-09-05,2604866.0000000037,21261.84,87810.1333333333,3081.37777777777,1293290.1215575,7270.37566183133,3173.33333333333,6512777,62.7969109801743,na,3186.0,California,Treatment,False
2016-09-12,2697204.0,0.0,160115.733333333,0.0,0.0,10132.1663115445,3333.33333333333,7311071,0.0,na,11247.0,California,Treatment,False
2016-09-19,2630432.0000000037,0.0,32694.4,25536.6222222223,18188032.7873266,10565.8935356575,3400.0,6652807,4537.61809931117,na,15280.0,California,Treatment,False
2016-09-26,2274255.999999996,0.0,162375.466666667,0.0,0.0,7473.37271653427,2973.33333333333,6168548,0.0,na,2886.0,California,Treatment,False
2016-10-03,2679492.0,144536.64,121869.866666667,9813.15555555556,14226512.314223,9646.7091261875,3373.33333333333,6395275,3147.16769281009,na,14067.0,California,Treatment,False
2016-10-10,2887242.0,0.0,0.0,10723.7777777778,15350219.0573247,12546.8289279689,3986.66666666667,7711902,3614.16669566233,na,24098.0,California,Treatment,False
2016-10-17,2702934.0,81389.3466666667,29795.7333333333,0.0,20472630.806976,12235.0207003765,3720.0,6734048,5324.417293529,na,26550.0,California,Treatment,False
2016-10-24,3195750.0,0.0,158912.533333333,9360.97777777777,21314180.0870472,10533.1317810342,4080.0,8356638,5865.92293671003,na,17728.0,California,Treatment,False
2016-10-31,3569726.0000000037,93994.7866666667,0.0,0.0,23921863.9786815,11553.3079938187,4893.33333333333,8937615,6407.42857989107,na,13989.0,California,Treatment,False
2016-11-07,3391353.9999999963,0.0,142602.133333333,11543.8222222222,21344437.122308,14074.6642317623,4160.0,8832206,6954.9446522006,na,29426.0,California,Treatment,False
2016-11-14,3819480.0,52324.3866666667,0.0,0.0,17399857.3868399,0.0,0.0,9584624,5332.015383182,na,19401.6538461538,California,Treatment,False
2016-11-21,3557636.0000000037,6957.05333333333,145018.133333333,7293.06666666667,26828516.6308749,0.0,0.0,9029457,6682.09385063127,na,19401.6538461538,California,Treatment,False
2016-11-28,3418230.0,0.0,0.0,4142.93333333333,17912251.1658841,24651.9854412569,9533.33333333333,9334174,4731.87970491727,na,27941.0,California,Treatment,False
2016-12-05,3288192.0,14254.4,239080.533333333,0.0,7156642.01074513,21707.9959767754,8400.0,8234498,1656.46786461852,na,51273.0,California,Treatment,False
2016-12-12,2856609.9999999963,0.0,0.0,0.0,9824311.5340606,17589.6202046075,7346.66666666667,7904539,3030.36123993544,na,19606.0,California,Treatment,False
2016-12-19,2677098.0,0.0,334920.0,0.0,4707374.89663063,15895.5947568563,6893.33333333333,7127441,1011.87769166753,na,4453.0,California,Treatment,False
2016-12-26,4391310.0,107721.013333333,0.0,0.0,22845683.1663427,25949.8619985573,7733.33333333333,7730351,7226.54800621497,na,559.0,California,Treatment,False
2017-01-02,3392409.9999999963,41054.3466666667,453696.0,27998.1333333333,19390380.0700646,19393.2805096731,7373.33333333333,7498330,4281.21092460283,na,46507.0,California,Treatment,False
2017-01-09,2450571.999999996,0.0,0.0,0.0,19557226.0099221,21071.32173758,7080.0,6815506,5472.97695689383,na,21771.0,California,Treatment,False
2017-01-16,2536029.9999999963,5913.29333333333,0.0,1535.64444444444,18679824.8726728,20637.544698338,6706.66666666667,6701008,5987.71917980457,na,35351.0,California,Treatment,False
2017-01-23,2615901.9999999963,0.0,0.0,10780.9777777778,28919354.1479856,20461.4578462089,7000.0,6998027,6502.4614027153,na,13998.0,California,Treatment,False
2017-01-30,2844735.9999999963,40244.96,0.0,0.0,20018223.3112693,22707.7042912288,7226.66666666667,7097324,4280.64390298693,na,27415.0,California,Treatment,False
2017-02-06,2177468.0000000037,0.0,0.0,0.0,0.0,14867.5892962259,5586.66666666667,6048680,0.0,na,4085.0,California,Treatment,False
2017-02-13,2342001.999999996,0.0,127723.733333333,0.0,29401726.1744863,0.0,0.0,6290401,8260.4552206404,na,19401.6538461538,California,Treatment,False
2017-02-20,2301885.999999996,0.0,0.0,10691.0222222222,0.0,0.0,0.0,6137639,0.0,na,19401.6538461538,California,Treatment,False
2017-02-27,1766868.0,0.0,0.0,0.0,47563966.0789477,12513.0683056195,4506.66666666667,4802056,13900.6192339616,na,26556.0,California,Treatment,False
2017-03-06,1773438.0,0.0,0.0,14027.7777777777,0.0,15487.6644036965,4666.66666666667,4688746,0.0,na,12272.0,California,Treatment,False
2017-03-13,1560200.000000004,10360.88,0.0,0.0,0.0,13732.6730681545,4213.33333333333,4119318,0.0,na,25992.0,California,Treatment,False
2017-03-20,1392246.0,0.0,0.0,19853.8222222223,0.0,9934.77283917213,3773.33333333333,3618373,0.0,na,22696.0,California,Treatment,False
2017-03-27,1628246.000000004,0.0,24476.2666666667,0.0,10382426.8065952,15300.7433088264,4800.0,4476843,2615.86843871519,na,26404.0,California,Treatment,False
2017-04-03,1626999.999999996,0.0,0.0,0.0,0.0,10658.6001230986,4560.0,4523389,0.0,na,1245.0,California,Treatment,False
2017-04-10,1411520.000000004,0.0,500361.6,0.0,0.0,8488.54955499217,3666.66666666667,3711150,0.0,na,1126.0,California,Treatment,False
2017-04-17,2346338.0000000037,7469.05333333333,0.0,0.0,0.0,9083.8344655543,3546.66666666667,3057885,0.0,na,11966.0,California,Treatment,False
2017-04-24,1235913.999999996,0.0,296154.666666667,0.0,0.0,8713.82047149043,3266.66666666667,3309344,0.0,na,17897.0,California,Treatment,False
2017-05-01,2715771.9999999963,36622.92,0.0,0.0,0.0,7393.34608460777,2600.0,2826863,0.0,na,6052.0,California,Treatment,False
2017-05-08,976526.0000000003,0.0,306346.133333333,0.0,0.0,6175.20525562577,2680.0,2604828,0.0,na,9055.0,California,Treatment,False
2017-05-15,1057046.0000000002,0.0,0.0,0.0,0.0,0.0,0.0,2940496,0.0,na,19401.6538461538,California,Treatment,False
2017-05-22,1103022.0,0.0,41006.4,0.0,15447367.0115415,0.0,0.0,3024982,3978.53478603737,na,19401.6538461538,California,Treatment,False
2017-05-29,991586.0000000003,0.0,0.0,7174.71111111111,0.0,6193.3643033728,2173.33333333333,2681061,0.0,na,5778.0,California,Treatment,False
2017-06-05,1000557.9999999995,9125.46666666667,42486.9333333333,0.0,12831813.9734491,6252.9041434871,2680.0,2609725,3092.05319174496,na,1988.0,California,Treatment,False
2017-06-12,895526.0000000003,0.0,0.0,0.0,0.0,7354.08765490477,2226.66666666667,2487079,0.0,na,4794.0,California,Treatment,False
2017-06-19,1243688.000000004,36259.68,0.0,0.0,1096202.75660569,8925.86752558127,3173.33333333333,3149223,31.2705091363358,na,5180.0,California,Treatment,False
2017-06-26,1113518.0000000002,0.0,158632.0,4659.42222222223,0.0,6929.78193955497,2666.66666666667,2963072,0.0,na,1048.0,California,Treatment,False
2017-07-03,1352331.999999996,4560.76,0.0,9573.06666666667,25039209.3945516,12648.1549625052,3786.66666666667,3485135,6650.1138314947,na,10977.0,California,Treatment,False
2017-07-10,1421064.0,0.0,0.0,0.0,0.0,11853.19284099,3720.0,3950566,0.0,na,6813.0,California,Treatment,False
2017-07-17,1578609.999999996,9863.8,108181.333333333,24957.5111111111,0.0,11018.8391341867,3853.33333333333,3800790,0.0,na,2361.0,California,Treatment,False
2017-07-24,1535232.0,0.0,0.0,0.0,0.0,11562.270481512,3866.66666666667,4264348,0.0,na,15114.0,California,Treatment,False
2017-07-31,1746974.000000004,11384.92,205440.0,1452.44444444444,0.0,12679.5185106457,4533.33333333333,4429446,0.0,na,10044.0,California,Treatment,False
2017-08-07,1864026.0,0.0,104866.133333333,9467.24444444444,0.0,17892.0630017334,5360.0,4916984,0.0,na,8930.0,California,Treatment,False
2017-08-14,1649826.0,34047.0533333333,0.0,0.0,0.0,0.0,0.0,4198833,0.0,na,19401.6538461538,California,Treatment,False
2017-08-21,2364132.0,0.0,0.0,11348.1777777778,6440827.7377115,0.0,0.0,6276021,1342.67810238147,na,19401.6538461538,California,Treatment,False
2017-08-28,2803718.0000000037,117889.12,0.0,0.0,4742349.4953119,23445.0249066227,7000.0,7010039,898.926985780967,na,33712.0,California,Treatment,False
2017-09-04,2402478.0,0.0,0.0,0.0,0.0,14936.6081894453,6493.33333333333,6679241,0.0,na,20000.0,California,Treatment,False
2017-09-11,2432901.999999996,48869.2666666667,150164.8,4610.35555555556,2703620.81107497,15666.469342832,5586.66666666667,5890204,621.76681993082,na,2265.0,California,Treatment,False
2017-09-18,2263884.0,0.0,0.0,0.0,0.0,18388.7564755976,6440.0,6289814,0.0,na,15924.0,California,Treatment,False
2017-09-25,3035666.0000000037,83663.84,144563.733333333,0.0,10559520.827648,24332.8536359244,7640.0,7410667,2529.00072715986,na,24336.0,California,Treatment,False
2017-10-02,2829516.0,111304.453333333,58363.2,0.0,0.0,23226.6112532117,7346.66666666667,7799073,0.0,na,29510.0,California,Treatment,False
2017-10-09,3604070.0000000037,44637.7866666667,327236.266666667,18504.9333333333,19360866.7614647,18431.1192651512,8013.33333333333,8147766,5348.57241436617,na,15458.0,California,Treatment,False
2017-10-16,2740422.0,0.0,0.0,0.0,14937395.7677684,24254.9436575539,7586.66666666667,7617066,4190.37406173623,na,43966.0,California,Treatment,False
2017-10-23,3101666.0000000037,44360.5066666667,46091.2,0.0,21426849.002827,23115.8437246922,7920.0,7756047,4731.87970491727,na,35016.0,California,Treatment,False
2017-10-30,3078480.0,4645.22666666667,0.0,0.0,22344988.1413883,24376.7103916034,8466.66666666667,8307903,5273.3853480983,na,4749.0,California,Treatment,False
2017-11-06,4088502.0,21149.0133333333,318524.266666667,23039.9111111111,13314676.7886875,26330.239038604,9826.66666666667,9283504,3552.81495682237,na,25943.0,California,Treatment,False
2017-11-13,3363950.0000000037,0.0,0.0,0.0,31890945.1695597,0.0,0.0,9355428,7600.1018467675,na,19401.6538461538,California,Treatment,False
2017-11-20,4558353.899999999,55227.3333333333,105305.066666667,1346.08888888889,12195879.3518245,0.0,0.0,9662004,3279.96415525302,na,19401.6538461538,California,Treatment,True
2017-11-27,4283165.799999995,0.0,0.0,9601.77777777777,11842611.303909,36905.9678991637,15013.3333333333,9984742,2463.79324133178,na,41469.0,California,Treatment,True
2017-12-04,3855547.4999999995,28923.5466666667,87842.1333333333,0.0,7493271.20796543,30409.8062367799,12733.3333333333,8430013,1656.46786461852,na,16136.0,California,Treatment,True
2017-12-11,3119347.400000004,0.0,0.0,0.0,10472084.5748901,27236.329063323,11120.0,7544173,3030.36123993544,na,37784.0,California,Treatment,True
2017-12-18,3310863.800000004,63749.0533333333,91841.6,0.0,4846725.42831303,32468.9839755883,11666.6666666667,7267249,1011.87769166753,na,43251.0,California,Treatment,True
2017-12-25,5281977.6,90415.72,0.0,15034.4444444444,23016416.0721514,30009.8933476373,10080.0,6834014,7226.54800621497,na,57523.0,California,Treatment,True
2018-01-01,4291057.100000004,0.0,0.0,5291.68888888889,14403508.9745594,33305.9585773386,10653.3333333333,6891431,4281.21092460283,na,77617.0,California,Treatment,True
2018-01-08,3074817.0999999954,0.0,3947.2,0.0,22268248.093474,33849.8109116647,10840.0,7355344,5472.97695689383,na,74527.0,California,Treatment,True
2018-01-15,3039578.7999999956,39089.24,0.0,15480.6666666667,0.0,31966.3239607471,10080.0,6360391,0.0,na,10394.0,California,Treatment,True
2018-01-22,2647244.799999995,0.0,56811.2,19347.4222222223,0.0,22464.5871201724,9226.66666666667,5937052,0.0,na,9740.0,California,Treatment,True
2018-01-29,2570192.499999995,25169.2,0.0,0.0,0.0,25438.5119843879,8960.0,5721235,0.0,na,13533.0,California,Treatment,True
2018-02-05,2726813.300000004,0.0,0.0,4746.8,2966401.34773465,32276.283774587,10613.3333333333,6467565,472.98034791961,na,56102.0,California,Treatment,True
2018-02-12,2521699.299999995,9165.21333333333,54185.6,0.0,0.0,0.0,0.0,5749120,0.0,na,19401.6538461538,California,Treatment,True
2018-02-19,2285650.299999995,0.0,0.0,6311.42222222223,0.0,0.0,0.0,5389739,0.0,na,19401.6538461538,California,Treatment,True
2018-02-26,2351230.1999999997,12356.1066666667,56171.2,10002.8,0.0,25169.620752354,7413.33333333333,5114017,0.0,na,19325.0,California,Treatment,True
2018-03-05,2053598.7,0.0,0.0,0.0,0.0,22794.6813986792,7360.0,4961257,0.0,na,18078.0,California,Treatment,True
2018-03-12,2383715.4,53120.2533333333,90604.2666666667,20486.8,0.0,18269.5785913151,7080.0,4823884,0.0,na,8711.0,California,Treatment,True
2018-03-19,1667380.4000000043,0.0,0.0,0.0,0.0,17809.8977351639,5960.0,4036244,0.0,na,12979.0,California,Treatment,True
2018-03-26,1916764.7999999998,19743.84,81915.2,2989.15555555556,0.0,14740.790069662,6333.33333333333,4191403,0.0,na,23910.0,California,Treatment,True
2018-04-02,3323497.700000004,0.0,0.0,0.0,0.0,18466.6799358092,5520.0,3583995,0.0,na,10567.0,California,Treatment,True
2018-04-09,1561775.9000000043,0.0,11257.6,0.0,0.0,18498.1205239543,5973.33333333333,3771321,0.0,na,41329.0,California,Treatment,True
2018-04-16,1311020.7,0.0,0.0,0.0,7003770.76001093,16808.5217532585,4973.33333333333,3167512,2113.26047838464,na,21616.0,California,Treatment,True
2018-04-23,1105791.6999999995,0.0,158353.6,0.0,0.0,12274.6903112624,3693.33333333333,2604407,0.0,na,2529.0,California,Treatment,True
2018-04-30,1076176.9000000006,0.0,0.0,0.0,48661981.684228,9551.54238995163,3173.33333333333,2549137,12800.5972991227,na,6836.0,California,Treatment,True
2018-05-07,1227574.4000000001,0.0,59674.1333333333,0.0,0.0,15194.0923128355,4720.0,2937422,0.0,na,330.0,California,Treatment,True
2018-05-14,1190733.0,0.0,0.0,6803.64444444444,48377013.2836087,0.0,0.0,2752045,13040.4474426468,na,19401.6538461538,California,Treatment,True
2018-05-21,3590210.300000004,947.106666666667,26288.5333333333,0.0,0.0,0.0,0.0,3080867,0.0,event1,19401.6538461538,California,Treatment,True
2018-05-28,1248911.5000000007,0.0,0.0,4205.42222222223,4956890.74600197,12663.5104559052,4640.0,2957153,1009.04258358804,na,28568.0,California,Treatment,True
2018-06-04,1256561.3000000003,0.0,0.0,0.0,0.0,16079.2886873397,4720.0,3035519,0.0,na,26708.0,California,Treatment,True
2018-06-11,1274917.5999999994,8314.68,0.0,5424.66666666667,0.0,10628.7399063469,4533.33333333333,2885659,0.0,na,7675.0,California,Treatment,True
2018-06-18,1355739.5999999999,0.0,17462.9333333333,0.0,0.0,16028.6312039942,5413.33333333333,3263336,0.0,na,23355.0,California,Treatment,True
2018-06-25,1458400.1000000045,0.0,0.0,10384.1333333333,13068806.1919231,13249.2323365062,5160.0,3369140,3756.94273854507,na,16989.0,California,Treatment,True
2018-07-02,1286610.8000000003,14621.9466666667,168101.333333333,0.0,0.0,10623.452379865,3933.33333333333,2839892,0.0,na,14653.0,California,Treatment,True
2018-07-09,1554185.9000000043,0.0,0.0,11487.9111111111,34236690.5818597,14455.8407581877,5186.66666666667,3555964,8079.80213381583,na,15143.0,California,Treatment,True
2018-07-16,1573209.2000000044,8855.78666666667,59517.8666666667,0.0,0.0,15286.7098639836,5146.66666666667,3590008,0.0,na,9013.0,California,Treatment,True
2018-07-23,2041438.5999999952,9728.89333333333,0.0,5172.66666666667,0.0,15790.12289724,6920.0,4606123,0.0,na,22477.0,California,Treatment,True
2018-07-30,2273126.799999995,0.0,0.0,0.0,0.0,25944.3325242028,7746.66666666667,5494567,0.0,na,8906.0,California,Treatment,True
2018-08-06,2773080.099999995,13041.4933333333,92574.4,7200.13333333333,0.0,25628.492183603,8773.33333333333,6045317,0.0,na,59318.0,California,Treatment,True
2018-08-13,2102351.799999995,0.0,0.0,0.0,18207358.6991848,0.0,0.0,5035305,4450.75038775587,na,19401.6538461538,California,Treatment,True
2018-08-20,1959763.2999999954,61563.12,106432.0,0.0,0.0,0.0,0.0,4208615,0.0,na,19401.6538461538,California,Treatment,True
2018-08-27,2309501.3000000045,0.0,0.0,0.0,14621474.4848198,27411.1748394789,8586.66666666667,5541654,4508.4731882541,na,48020.0,California,Treatment,True
2018-09-03,2844306.500000004,11661.4133333333,68213.3333333333,772.444444444444,0.0,31195.6951985757,9733.33333333333,6397383,0.0,na,70855.0,California,Treatment,True
2018-09-10,2958871.8,0.0,0.0,536.0,0.0,30301.0171558242,10506.6666666667,7137648,0.0,na,46225.0,California,Treatment,True
2018-09-17,2840941.599999995,0.0,46120.5333333333,9685.06666666667,13801981.7807277,31338.5629591066,9360.0,6541298,3402.89444157937,na,74995.0,California,Treatment,True
2018-09-24,3047516.0999999996,887.933333333333,29320.0,0.0,0.0,32265.167943233,10893.3333333333,7283453,0.0,na,1047.0,California,Treatment,True
2018-10-01,3592151.4999999953,156703.44,26227.2,2698.44444444444,3798040.60699257,35375.6649126843,12346.6666666667,7884994,916.844868843293,na,34469.0,California,Treatment,True
2018-10-08,3192206.7999999956,0.0,0.0,2589.82222222223,6774055.54593603,36422.3840879897,11493.3333333333,7610669,2015.84616477365,na,22232.0,California,Treatment,True
2018-10-15,3882087.200000004,44489.52,63107.2,1039.11111111111,11921024.3416382,30446.7250425369,12760.0,8364119,2442.58663289726,na,49409.0,California,Treatment,True
2018-10-22,3677851.8,0.0,0.0,0.0,0.0,32520.1884579534,13493.3333333333,8898789,0.0,na,49575.0,California,Treatment,True
2018-10-29,4068067.4999999995,25289.9733333333,0.0,2128.13333333333,30516389.5964373,40913.5492475043,13800.0,8887808,7931.80949206687,na,42276.0,California,Treatment,True
2018-11-05,3821139.500000004,0.0,145392.0,1455.51111111111,0.0,39521.572610573,14053.3333333333,8982377,0.0,na,25332.0,California,Treatment,True
2018-11-12,3679411.1999999997,57350.92,0.0,0.0,39020754.6023527,0.0,0.0,7958631,8728.47486240127,na,19401.6538461538,California,Treatment,True
2018-11-19,3532178.9999999995,0.0,47053.3333333333,0.0,0.0,0.0,0.0,8467716,0.0,na,19401.6538461538,California,Treatment,True
2018-11-26,3662198.000000004,53525.2,0.0,15129.4666666667,21917216.9573501,52188.1282144227,16000.0,7536793,7003.5951068445,na,301.0,California,Treatment,True
2018-12-03,2959690.5999999954,0.0,53558.9333333333,0.0,0.0,38041.1715080263,13986.6666666667,7097277,0.0,na,34832.0,California,Treatment,True
2018-12-10,3383320.700000004,0.0,0.0,6282.66666666667,0.0,50607.6691067817,15773.3333333333,7989344,0.0,na,68792.0,California,Treatment,True
2018-12-17,3407891.600000004,0.0,15363.7333333333,0.0,0.0,38023.9761183813,15546.6666666667,8215719,0.0,na,37199.0,California,Treatment,True
2018-12-24,4427247.0,158046.573333333,0.0,7451.95555555556,32200517.8011506,50134.327502801,17146.6666666667,8125604,9068.00740600003,na,80865.0,California,Treatment,True
2018-12-31,3790655.300000004,51379.9066666667,0.0,0.0,0.0,34878.1585539847,14493.3333333333,7314043,0.0,na,54011.0,California,Treatment,True
2019-01-07,3541307.6999999997,0.0,329.6,903.6,6605940.80092233,40333.8662960333,17026.6666666667,8498273,1475.81477779394,na,96236.0,California,Treatment,True
2019-01-14,3525663.0999999954,11583.9733333333,0.0,735.111111111111,0.0,37302.7862754223,16293.3333333333,8027598,0.0,na,80627.0,California,Treatment,True
2019-01-21,2704395.200000004,0.0,27275.2,2920.22222222223,10381943.6071373,39059.296134673,13813.3333333333,6399576,2861.5022027215,na,629.0,California,Treatment,True
2019-01-28,3345791.600000004,31676.4,0.0,0.0,0.0,39410.367500875,15200.0,7415825,0.0,na,19984.0,California,Treatment,True
2019-02-04,2695222.8,0.0,0.0,4272.04444444444,0.0,47333.0483192967,13920.0,6396016,0.0,na,55736.0,California,Treatment,True
2019-02-11,2879970.3,12722.84,0.0,1191.91111111111,8001487.21526073,0.0,0.0,6492811,2110.31196598198,na,19401.6538461538,California,Treatment,True
2019-02-18,2312627.000000004,0.0,0.0,501.688888888889,0.0,0.0,0.0,5588194,0.0,na,19401.6538461538,California,Treatment,True
2019-02-25,2727450.399999995,18120.96,30883.2,645.822222222223,510985.60009893,29510.1313617895,12186.6666666667,6078682,0.0,na,46243.0,California,Treatment,True
2019-03-04,2043448.7999999998,0.0,0.0,0.0,0.0,24697.386567737,9946.66666666667,4933396,0.0,na,36979.0,California,Treatment,True
2019-03-11,1967189.9999999998,5490.32,0.0,0.0,0.0,27353.2611552316,9040.0,4597321,0.0,na,23990.0,California,Treatment,True
2019-03-18,1596466.7999999998,0.0,0.0,0.0,27726469.9209919,18417.3058389686,7160.0,3818999,6120.74245089387,na,16046.0,California,Treatment,True
2019-03-25,1728077.4,3483.38666666667,5765.33333333333,0.0,0.0,23635.3469101091,7973.33333333333,4083211,0.0,na,28980.0,California,Treatment,True
2019-04-01,1668935.1999999953,0.0,0.0,0.0,11831373.4167825,24629.4621754088,7880.0,4017170,3308.65544901738,na,7453.0,California,Treatment,True
2019-04-08,1633646.3000000045,47889.8133333333,2057.06666666667,0.0,0.0,22474.9158679508,7453.33333333333,3588301,0.0,na,37507.0,California,Treatment,True
2019-04-15,1267658.7999999993,0.0,0.0,2996.22222222223,0.0,21748.748582943,6400.0,3026520,0.0,na,43718.0,California,Treatment,True
2019-04-22,3178961.0999999996,4878.4,0.0,0.0,6453814.57751617,17160.486630913,6266.66666666667,3140648,1596.9305949494,event2,1167.0,California,Treatment,True
2019-04-29,1229131.5,0.0,0.0,12465.9111111111,10562526.3373281,18600.2945169807,5626.66666666667,2828444,2513.12412191477,na,1546.0,California,Treatment,True
2019-05-06,1366080.4000000006,3695.89333333333,0.0,0.0,0.0,18702.8228417039,7280.0,3221944,0.0,na,34861.0,California,Treatment,True
2019-05-13,1263792.5000000002,0.0,0.0,2123.73333333333,21735746.9416065,0.0,0.0,2992910,6455.05839562637,na,19401.6538461538,California,Treatment,True
2019-05-20,1029762.8999999999,29240.3866666667,5769.06666666667,3789.55555555556,0.0,0.0,0.0,2251073,0.0,na,19401.6538461538,California,Treatment,True
2019-05-27,998823.2999999999,0.0,3667.73333333333,0.0,0.0,13374.6984256237,5213.33333333333,2412562,0.0,na,21000.0,California,Treatment,True
2019-06-03,1246312.5,0.0,0.0,1391.91111111111,0.0,18279.8967874842,6200.0,2989592,0.0,na,19903.0,California,Treatment,True
2019-06-10,927704.9999999999,0.0,0.0,0.0,1303102.87249779,10167.5638429433,4146.66666666667,2240235,49.528605168199,na,8031.0,California,Treatment,True
2019-06-17,1020901.0000000007,0.0,0.0,0.0,0.0,12051.5514267609,4813.33333333333,2467712,0.0,na,20173.0,California,Treatment,True
2019-06-24,1147930.0000000007,6160.48,0.0,0.0,0.0,16141.2873046473,4933.33333333333,2672133,0.0,na,26938.0,California,Treatment,True
2019-07-01,1297057.4000000001,0.0,0.0,0.0,0.0,16051.0127298767,6386.66666666667,3132194,0.0,na,8713.0,California,Treatment,True
2019-07-08,1306183.7999999998,5270.36,0.0,0.0,0.0,15111.7409414301,6133.33333333333,3060018,0.0,na,17384.0,California,Treatment,True
2019-07-15,1468200.3999999953,0.0,66465.0666666667,0.0,0.0,25572.1556008095,7720.0,3505139,0.0,na,4153.0,California,Treatment,True
2019-07-22,1763948.1999999953,12049.5066666667,0.0,0.0,9985410.35203357,25782.638883063,8520.0,4004072,2860.14135084335,na,25861.0,California,Treatment,True
2019-07-29,2071143.0999999952,0.0,38432.5333333333,0.0,0.0,25109.025698974,9520.0,4982078,0.0,na,1820.0,California,Treatment,True
2019-08-05,2543503.299999995,13009.9733333333,0.0,0.0,59432757.6381927,34772.6446345877,10813.3333333333,5672763,15400.3914080076,na,40473.0,California,Treatment,True
2019-08-12,1992407.1999999953,0.0,33946.6666666667,0.0,0.0,0.0,0.0,4783227,0.0,na,19401.6538461538,California,Treatment,True
2019-08-19,1928460.2999999998,0.0,0.0,3220.26666666667,32772018.1982201,0.0,0.0,4520254,9744.91781105713,na,19401.6538461538,California,Treatment,True
2019-08-26,2663970.399999995,0.0,38522.1333333333,0.0,0.0,37858.4673788283,12986.6666666667,6397749,0.0,na,48083.0,California,Treatment,True
2019-09-02,2907616.2999999956,226.413333333333,0.0,13731.1555555556,13581799.2530786,39232.5917333713,12800.0,6637702,4037.9586513833,na,34061.0,California,Treatment,True
2019-09-09,3082586.4999999953,49267.8,4244.8,0.0,0.0,45976.5561046157,13760.0,6774864,0.0,na,31325.0,California,Treatment,True
2019-09-16,3553704.6999999955,0.0,11461.8666666667,14604.3111111111,6328270.5669119,51907.6621149743,16093.3333333333,8116568,1330.88405277083,na,70417.0,California,Treatment,True
2019-09-23,3465113.300000004,27816.9466666667,0.0,0.0,0.0,48537.5137808267,15426.6666666667,7702931,0.0,na,50905.0,California,Treatment,True
2019-09-30,3140355.5999999996,0.0,31455.4666666667,19608.9333333333,0.0,43225.8519776553,14680.0,7060116,0.0,na,79428.0,California,Treatment,True
2019-10-07,3457123.100000004,19263.9466666667,0.0,0.0,47150915.7005637,42510.0755134987,15346.6666666667,7603752,13859.7936776171,na,58284.0,California,Treatment,True
2019-10-14,3389611.1999999997,0.0,32230.9333333333,20496.4888888889,0.0,50946.7744707207,14946.6666666667,7612762,0.0,na,28157.0,California,Treatment,True
2019-10-21,3012298.5,20655.68,0.0,0.0,18960654.0784026,34560.0159402123,13826.6666666667,6701667,4454.15251745123,na,10644.0,California,Treatment,True
2019-10-28,3281235.200000004,2931.0,7516.8,2330.13333333333,0.0,46129.2347125477,15293.3333333333,7688920,0.0,na,9597.0,California,Treatment,True
2019-11-04,3771298.4999999995,2993.73333333333,0.0,3206.84444444444,0.0,50569.3301540683,17880.0,8815710,0.0,na,90189.0,California,Treatment,True
2019-11-11,3819547.8999999953,0.0,0.0,0.0,42660373.2550797,0.0,0.0,9067759,12206.3586456633,na,19401.6538461538,California,Treatment,True
2015-11-23,3029808.833333337,22358.3466666667,0.0,12728.4888888889,24301284.2375304,0.0,0.0,8125009,7607.1329148046,na,19401.6538461538,Texas,Treatment,False
2015-11-30,2842704.3333333367,28613.4533333333,0.0,0.0,5527033.1817753,9837.2384857852,4133.33333333333,7901549,1141.95245035415,na,14791.0,Texas,Treatment,False
2015-12-07,2802125.3333333367,0.0,132278.4,453.866666666667,16651591.2234904,12044.1196528263,3786.66666666667,8300197,4256.37537782657,na,14544.0,Texas,Treatment,False
2015-12-14,3162742.0000000005,83450.3066666667,0.0,17680.0,10549765.6762647,12268.0703194346,4253.33333333333,8122883,2800.49067685105,na,2800.0,Texas,Treatment,False
2015-12-21,2437548.6666666633,0.0,277336.0,0.0,2934089.82625045,9467.2480229987,3613.33333333333,7105985,689.582605192027,na,15478.0,Texas,Treatment,False
2015-12-28,2826913.8333333367,33225.3066666667,0.0,31922.3111111111,16634027.0357604,12687.2586368544,3773.33333333333,7097237,5337.0051734019,na,13817.0,Texas,Treatment,False
2016-01-04,2388657.3333333367,687.053333333333,226753.6,0.0,13715898.6058832,12096.504594859,3706.66666666667,6974368,3623.01223287033,na,28817.0,Texas,Treatment,False
2016-01-11,2710544.8333333367,2952.22666666667,0.0,23581.2888888889,18851563.533732,11588.3696648409,4266.66666666667,7452174,4129.8161531585,na,19082.0,Texas,Treatment,False
2016-01-18,2213772.0,0.0,0.0,0.0,11910187.8796785,9341.1605005463,3053.33333333333,6703566,3623.01223287033,na,19679.0,Texas,Treatment,False
2016-01-25,1912802.8333333372,0.0,0.0,11243.9111111111,10620420.1845297,7023.24641526987,3053.33333333333,5535394,3002.69058507969,na,15095.0,Texas,Treatment,False
2016-02-01,1949537.3333333372,16511.8266666667,42477.3333333333,0.0,0.0,9341.32576660873,2746.66666666667,5480098,0.0,na,9795.0,Texas,Treatment,False
2016-02-08,1989964.1666666633,0.0,0.0,4763.55555555556,11416552.5179333,7107.7773245362,2693.33333333333,5872523,3564.38219778663,na,10876.0,Texas,Treatment,False
2016-02-15,2148014.0,66276.44,0.0,2448.4,5063253.0082151,0.0,0.0,5822926,1448.59774023091,na,19401.6538461538,Texas,Treatment,False
2016-02-22,1658585.5000000002,0.0,0.0,0.0,0.0,0.0,0.0,5027123,0.0,na,19401.6538461538,Texas,Treatment,False
2016-02-29,1661430.8333333372,41556.2933333333,0.0,0.0,10819486.9089563,5355.8900395874,2293.33333333333,4561518,2415.59640398059,na,583.0,Texas,Treatment,False
2016-03-07,1747724.0000000002,0.0,0.0,16506.0888888889,0.0,9625.7947240607,2826.66666666667,4996211,0.0,na,8224.0,Texas,Treatment,False
2016-03-14,1766589.0000000002,19772.44,43994.1333333333,0.0,0.0,5688.41158754657,2373.33333333333,4938630,0.0,na,5311.0,Texas,Treatment,False
2016-03-21,1491611.0000000002,0.0,0.0,0.0,0.0,7036.81911751627,2293.33333333333,4520383,0.0,na,7428.0,Texas,Treatment,False
2016-03-28,2314330.3333333367,0.0,66088.5333333333,13579.4222222223,26747226.4873481,6090.3817960061,2533.33333333333,4506918,6471.04840519463,na,10025.0,Texas,Treatment,False
2016-04-04,1232918.5,0.0,0.0,0.0,1146392.7743076,4636.5521979751,1906.66666666667,3738504,20.8373114038425,na,9460.0,Texas,Treatment,False
2016-04-11,1255254.0,0.0,66413.8666666667,0.0,0.0,4443.2572985456,1866.66666666667,3768926,0.0,na,2964.0,Texas,Treatment,False
2016-04-18,1283568.0,11126.7333333333,0.0,0.0,9416454.7015247,5696.9077760121,1786.66666666667,3663385,2348.68785330482,na,11663.0,Texas,Treatment,False
2016-04-25,977687.3333333337,0.0,0.0,0.0,0.0,4104.89140549907,1800.0,2960479,0.0,na,6317.0,Texas,Treatment,False
2016-05-02,988760.6666666664,0.0,0.0,12518.5777777778,0.0,3685.01449491983,1266.66666666667,2861890,0.0,na,5408.0,Texas,Treatment,False
2016-05-09,978310.6666666674,0.0,49957.8666666667,0.0,0.0,4422.71423751953,1426.66666666667,2941465,0.0,na,1900.0,Texas,Treatment,False
2016-05-16,2106912.5,0.0,0.0,0.0,16918655.5894522,0.0,0.0,3039148,3673.93077397783,na,19401.6538461538,Texas,Treatment,False
2016-05-23,1107529.5,0.0,124442.666666667,0.0,0.0,0.0,0.0,3292482,0.0,na,19401.6538461538,Texas,Treatment,False
2016-05-30,956118.1666666674,0.0,0.0,0.0,0.0,4565.78751920413,1346.66666666667,2895248,0.0,na,9003.0,Texas,Treatment,False
2016-06-06,799975.0000000001,0.0,0.0,0.0,0.0,3110.33205292188,1200.0,2427455,0.0,na,4305.0,Texas,Treatment,False
2016-06-13,829103.0000000001,0.0,0.0,0.0,0.0,4813.31436987967,1520.0,2516566,0.0,na,7217.0,Texas,Treatment,False
2016-06-20,1099116.3333333337,20472.3866666667,123908.266666667,0.0,11151653.5519218,4475.39512233343,1626.66666666667,3012353,2553.15584799705,na,1983.0,Texas,Treatment,False
2016-06-27,930427.6666666664,0.0,0.0,0.0,0.0,3675.03050439213,1506.66666666667,2826660,0.0,na,3437.0,Texas,Treatment,False
2016-07-04,1238618.3333333372,10121.0133333333,0.0,5168.4,0.0,4333.65846425293,1746.66666666667,3489775,0.0,na,4147.0,Texas,Treatment,False
2016-07-11,1255076.166666663,0.0,0.0,0.0,0.0,5852.91406415247,1906.66666666667,3807127,0.0,na,8479.0,Texas,Treatment,False
2016-07-18,1366922.3333333372,1900.41333333333,319643.2,4780.66666666667,11243290.9562371,4215.5367592699,1426.66666666667,3824504,3552.81495682237,na,6348.0,Texas,Treatment,False
2016-07-25,1422831.666666663,0.0,0.0,0.0,0.0,6289.94462433427,1946.66666666667,4307032,0.0,na,13762.0,Texas,Treatment,False
2016-08-01,1633327.666666663,28180.2533333333,164217.066666667,0.0,17868520.4627035,6851.71836762067,2280.0,4396674,5102.03141577443,na,11841.0,Texas,Treatment,False
2016-08-08,1634268.166666663,0.0,0.0,807.777777777777,0.0,7304.35211159833,2533.33333333333,4941143,0.0,na,17162.0,Texas,Treatment,False
2016-08-15,1712269.166666663,28630.68,0.0,0.0,5124647.2077109,0.0,0.0,4762083,1011.87769166753,na,19401.6538461538,Texas,Treatment,False
2016-08-22,1530327.3333333372,0.0,0.0,13979.7333333333,3888055.5115468,0.0,0.0,4409483,641.83938513355,na,19401.6538461538,Texas,Treatment,False
2016-08-29,2220661.6666666633,23991.16,159645.866666667,0.0,0.0,9151.1797858402,3080.0,6065021,0.0,na,2453.0,Texas,Treatment,False
2016-09-05,2387793.8333333367,21261.84,87810.1333333333,3081.37777777777,1293290.1215575,7270.37566183133,3173.33333333333,6512777,62.7969109801743,na,3186.0,Texas,Treatment,False
2016-09-12,2472437.0,0.0,160115.733333333,0.0,0.0,10132.1663115445,3333.33333333333,7311071,0.0,na,11247.0,Texas,Treatment,False
2016-09-19,2411229.3333333367,0.0,32694.4,25536.6222222223,18188032.7873266,10565.8935356575,3400.0,6652807,4537.61809931117,na,15280.0,Texas,Treatment,False
2016-09-26,2084734.6666666633,0.0,162375.466666667,0.0,0.0,7473.37271653427,2973.33333333333,6168548,0.0,na,2886.0,Texas,Treatment,False
2016-10-03,2456201.0,144536.64,121869.866666667,9813.15555555556,14226512.314223,9646.7091261875,3373.33333333333,6395275,3147.16769281009,na,14067.0,Texas,Treatment,False
2016-10-10,2646638.5,0.0,0.0,10723.7777777778,15350219.0573247,12546.8289279689,3986.66666666667,7711902,3614.16669566233,na,24098.0,Texas,Treatment,False
2016-10-17,2477689.5,81389.3466666667,29795.7333333333,0.0,20472630.806976,12235.0207003765,3720.0,6734048,5324.417293529,na,26550.0,Texas,Treatment,False
2016-10-24,2929437.5000000005,0.0,158912.533333333,9360.97777777777,21314180.0870472,10533.1317810342,4080.0,8356638,5865.92293671003,na,17728.0,Texas,Treatment,False
2016-10-31,3272248.833333337,93994.7866666667,0.0,0.0,23921863.9786815,11553.3079938187,4893.33333333333,8937615,6407.42857989107,na,13989.0,Texas,Treatment,False
2016-11-07,3108741.1666666637,0.0,142602.133333333,11543.8222222222,21344437.122308,14074.6642317623,4160.0,8832206,6954.9446522006,na,29426.0,Texas,Treatment,False
2016-11-14,3501190.0000000005,52324.3866666667,0.0,0.0,17399857.3868399,0.0,0.0,9584624,5332.015383182,na,19401.6538461538,Texas,Treatment,False
2016-11-21,3261166.333333337,6957.05333333333,145018.133333333,7293.06666666667,26828516.6308749,0.0,0.0,9029457,6682.09385063127,na,19401.6538461538,Texas,Treatment,False
2016-11-28,3133377.5000000005,0.0,0.0,4142.93333333333,17912251.1658841,24651.9854412569,9533.33333333333,9334174,4731.87970491727,na,27941.0,Texas,Treatment,False
2016-12-05,3014176.0000000005,14254.4,239080.533333333,0.0,7156642.01074513,21707.9959767754,8400.0,8234498,1656.46786461852,na,51273.0,Texas,Treatment,False
2016-12-12,2618559.1666666633,0.0,0.0,0.0,9824311.5340606,17589.6202046075,7346.66666666667,7904539,3030.36123993544,na,19606.0,Texas,Treatment,False
2016-12-19,2454006.5,0.0,334920.0,0.0,4707374.89663063,15895.5947568563,6893.33333333333,7127441,1011.87769166753,na,4453.0,Texas,Treatment,False
2016-12-26,4025367.5000000005,107721.013333333,0.0,0.0,22845683.1663427,25949.8619985573,7733.33333333333,7730351,7226.54800621497,na,559.0,Texas,Treatment,False
2017-01-02,3109709.1666666637,41054.3466666667,453696.0,27998.1333333333,19390380.0700646,19393.2805096731,7373.33333333333,7498330,4281.21092460283,na,46507.0,Texas,Treatment,False
2017-01-09,2246357.6666666633,0.0,0.0,0.0,19557226.0099221,21071.32173758,7080.0,6815506,5472.97695689383,na,21771.0,Texas,Treatment,False
2017-01-16,2324694.1666666633,5913.29333333333,0.0,1535.64444444444,18679824.8726728,20637.544698338,6706.66666666667,6701008,5987.71917980457,na,35351.0,Texas,Treatment,False
2017-01-23,2397910.1666666633,0.0,0.0,10780.9777777778,28919354.1479856,20461.4578462089,7000.0,6998027,6502.4614027153,na,13998.0,Texas,Treatment,False
2017-01-30,2607674.6666666633,40244.96,0.0,0.0,20018223.3112693,22707.7042912288,7226.66666666667,7097324,4280.64390298693,na,27415.0,Texas,Treatment,False
2017-02-06,1996012.3333333372,0.0,0.0,0.0,0.0,14867.5892962259,5586.66666666667,6048680,0.0,na,4085.0,Texas,Treatment,False
2017-02-13,2146835.1666666633,0.0,127723.733333333,0.0,29401726.1744863,0.0,0.0,6290401,8260.4552206404,na,19401.6538461538,Texas,Treatment,False
2017-02-20,2110062.1666666633,0.0,0.0,10691.0222222222,0.0,0.0,0.0,6137639,0.0,na,19401.6538461538,Texas,Treatment,False
2017-02-27,1619629.0000000002,0.0,0.0,0.0,47563966.0789477,12513.0683056195,4506.66666666667,4802056,13900.6192339616,na,26556.0,Texas,Treatment,False
2017-03-06,1625651.5000000002,0.0,0.0,14027.7777777777,0.0,15487.6644036965,4666.66666666667,4688746,0.0,na,12272.0,Texas,Treatment,False
2017-03-13,1430183.3333333372,10360.88,0.0,0.0,0.0,13732.6730681545,4213.33333333333,4119318,0.0,na,25992.0,Texas,Treatment,False
2017-03-20,1276225.5,0.0,0.0,19853.8222222223,0.0,9934.77283917213,3773.33333333333,3618373,0.0,na,22696.0,Texas,Treatment,False
2017-03-27,1492558.8333333372,0.0,24476.2666666667,0.0,10382426.8065952,15300.7433088264,4800.0,4476843,2615.86843871519,na,26404.0,Texas,Treatment,False
2017-04-03,1491416.666666663,0.0,0.0,0.0,0.0,10658.6001230986,4560.0,4523389,0.0,na,1245.0,Texas,Treatment,False
2017-04-10,1293893.3333333372,0.0,500361.6,0.0,0.0,8488.54955499217,3666.66666666667,3711150,0.0,na,1126.0,Texas,Treatment,False
2017-04-17,2150809.833333337,7469.05333333333,0.0,0.0,0.0,9083.8344655543,3546.66666666667,3057885,0.0,na,11966.0,Texas,Treatment,False
2017-04-24,1132921.166666663,0.0,296154.666666667,0.0,0.0,8713.82047149043,3266.66666666667,3309344,0.0,na,17897.0,Texas,Treatment,False
2017-05-01,2489457.6666666633,36622.92,0.0,0.0,0.0,7393.34608460777,2600.0,2826863,0.0,na,6052.0,Texas,Treatment,False
2017-05-08,895148.8333333337,0.0,306346.133333333,0.0,0.0,6175.20525562577,2680.0,2604828,0.0,na,9055.0,Texas,Treatment,False
2017-05-15,968958.8333333337,0.0,0.0,0.0,0.0,0.0,0.0,2940496,0.0,na,19401.6538461538,Texas,Treatment,False
2017-05-22,1011103.5000000001,0.0,41006.4,0.0,15447367.0115415,0.0,0.0,3024982,3978.53478603737,na,19401.6538461538,Texas,Treatment,False
2017-05-29,908953.8333333337,0.0,0.0,7174.71111111111,0.0,6193.3643033728,2173.33333333333,2681061,0.0,na,5778.0,Texas,Treatment,False
2017-06-05,917178.1666666664,9125.46666666667,42486.9333333333,0.0,12831813.9734491,6252.9041434871,2680.0,2609725,3092.05319174496,na,1988.0,Texas,Treatment,False
2017-06-12,820898.8333333337,0.0,0.0,0.0,0.0,7354.08765490477,2226.66666666667,2487079,0.0,na,4794.0,Texas,Treatment,False
2017-06-19,1140047.333333337,36259.68,0.0,0.0,1096202.75660569,8925.86752558127,3173.33333333333,3149223,31.2705091363358,na,5180.0,Texas,Treatment,False
2017-06-26,1020724.8333333337,0.0,158632.0,4659.42222222223,0.0,6929.78193955497,2666.66666666667,2963072,0.0,na,1048.0,Texas,Treatment,False
2017-07-03,1239637.666666663,4560.76,0.0,9573.06666666667,25039209.3945516,12648.1549625052,3786.66666666667,3485135,6650.1138314947,na,10977.0,Texas,Treatment,False
2017-07-10,1302642.0,0.0,0.0,0.0,0.0,11853.19284099,3720.0,3950566,0.0,na,6813.0,Texas,Treatment,False
2017-07-17,1447059.166666663,9863.8,108181.333333333,24957.5111111111,0.0,11018.8391341867,3853.33333333333,3800790,0.0,na,2361.0,Texas,Treatment,False
2017-07-24,1407296.0,0.0,0.0,0.0,0.0,11562.270481512,3866.66666666667,4264348,0.0,na,15114.0,Texas,Treatment,False
2017-07-31,1601392.8333333372,11384.92,205440.0,1452.44444444444,0.0,12679.5185106457,4533.33333333333,4429446,0.0,na,10044.0,Texas,Treatment,False
2017-08-07,1708690.5000000002,0.0,104866.133333333,9467.24444444444,0.0,17892.0630017334,5360.0,4916984,0.0,na,8930.0,Texas,Treatment,False
2017-08-14,1512340.5000000002,34047.0533333333,0.0,0.0,0.0,0.0,0.0,4198833,0.0,na,19401.6538461538,Texas,Treatment,False
2017-08-21,2167121.0,0.0,0.0,11348.1777777778,6440827.7377115,0.0,0.0,6276021,1342.67810238147,na,19401.6538461538,Texas,Treatment,False
2017-08-28,2570074.8333333367,117889.12,0.0,0.0,4742349.4953119,23445.0249066227,7000.0,7010039,898.926985780967,na,33712.0,Texas,Treatment,False
2017-09-04,2202271.5,0.0,0.0,0.0,0.0,14936.6081894453,6493.33333333333,6679241,0.0,na,20000.0,Texas,Treatment,False
2017-09-11,2230160.1666666633,48869.2666666667,150164.8,4610.35555555556,2703620.81107497,15666.469342832,5586.66666666667,5890204,621.76681993082,na,2265.0,Texas,Treatment,False
2017-09-18,2075227.0000000002,0.0,0.0,0.0,0.0,18388.7564755976,6440.0,6289814,0.0,na,15924.0,Texas,Treatment,False
2017-09-25,2782693.8333333367,83663.84,144563.733333333,0.0,10559520.827648,24332.8536359244,7640.0,7410667,2529.00072715986,na,24336.0,Texas,Treatment,False
2017-10-02,2593723.0,111304.453333333,58363.2,0.0,0.0,23226.6112532117,7346.66666666667,7799073,0.0,na,29510.0,Texas,Treatment,False
2017-10-09,3303730.833333337,44637.7866666667,327236.266666667,18504.9333333333,19360866.7614647,18431.1192651512,8013.33333333333,8147766,5348.57241436617,na,15458.0,Texas,Treatment,False
2017-10-16,2512053.5,0.0,0.0,0.0,14937395.7677684,24254.9436575539,7586.66666666667,7617066,4190.37406173623,na,43966.0,Texas,Treatment,False
2017-10-23,2843193.8333333367,44360.5066666667,46091.2,0.0,21426849.002827,23115.8437246922,7920.0,7756047,4731.87970491727,na,35016.0,Texas,Treatment,False
2017-10-30,2821940.0,4645.22666666667,0.0,0.0,22344988.1413883,24376.7103916034,8466.66666666667,8307903,5273.3853480983,na,4749.0,Texas,Treatment,False
2017-11-06,3747793.5000000005,21149.0133333333,318524.266666667,23039.9111111111,13314676.7886875,26330.239038604,9826.66666666667,9283504,3552.81495682237,na,25943.0,Texas,Treatment,False
2017-11-13,3083620.833333337,0.0,0.0,0.0,31890945.1695597,0.0,0.0,9355428,7600.1018467675,na,19401.6538461538,Texas,Treatment,False
2017-11-20,4178491.075,55227.3333333333,105305.066666667,1346.08888888889,12195879.3518245,0.0,0.0,9662004,3279.96415525302,na,19401.6538461538,Texas,Treatment,True
2017-11-27,3926235.316666663,0.0,0.0,9601.77777777777,11842611.303909,36905.9678991637,15013.3333333333,9984742,2463.79324133178,na,41469.0,Texas,Treatment,True
2017-12-04,3534251.8750000005,28923.5466666667,87842.1333333333,0.0,7493271.20796543,30409.8062367799,12733.3333333333,8430013,1656.46786461852,na,16136.0,Texas,Treatment,True
2017-12-11,2859401.783333337,0.0,0.0,0.0,10472084.5748901,27236.329063323,11120.0,7544173,3030.36123993544,na,37784.0,Texas,Treatment,True
2017-12-18,3034958.483333337,63749.0533333333,91841.6,0.0,4846725.42831303,32468.9839755883,11666.6666666667,7267249,1011.87769166753,na,43251.0,Texas,Treatment,True
2017-12-25,4841812.8,90415.72,0.0,15034.4444444444,23016416.0721514,30009.8933476373,10080.0,6834014,7226.54800621497,na,57523.0,Texas,Treatment,True
2018-01-01,3933469.0083333375,0.0,0.0,5291.68888888889,14403508.9745594,33305.9585773386,10653.3333333333,6891431,4281.21092460283,na,77617.0,Texas,Treatment,True
2018-01-08,2818582.3416666626,0.0,3947.2,0.0,22268248.093474,33849.8109116647,10840.0,7355344,5472.97695689383,na,74527.0,Texas,Treatment,True
2018-01-15,2786280.5666666627,39089.24,0.0,15480.6666666667,0.0,31966.3239607471,10080.0,6360391,0.0,na,10394.0,Texas,Treatment,True
2018-01-22,2426641.0666666627,0.0,56811.2,19347.4222222223,0.0,22464.5871201724,9226.66666666667,5937052,0.0,na,9740.0,Texas,Treatment,True
2018-01-29,2356009.791666663,25169.2,0.0,0.0,0.0,25438.5119843879,8960.0,5721235,0.0,na,13533.0,Texas,Treatment,True
2018-02-05,2499578.8583333376,0.0,0.0,4746.8,2966401.34773465,32276.283774587,10613.3333333333,6467565,472.98034791961,na,56102.0,Texas,Treatment,True
2018-02-12,2311557.6916666627,9165.21333333333,54185.6,0.0,0.0,0.0,0.0,5749120,0.0,na,19401.6538461538,Texas,Treatment,True
2018-02-19,2095179.4416666627,0.0,0.0,6311.42222222223,0.0,0.0,0.0,5389739,0.0,na,19401.6538461538,Texas,Treatment,True
2018-02-26,2155294.35,12356.1066666667,56171.2,10002.8,0.0,25169.620752354,7413.33333333333,5114017,0.0,na,19325.0,Texas,Treatment,True
2018-03-05,1882465.475,0.0,0.0,0.0,0.0,22794.6813986792,7360.0,4961257,0.0,na,18078.0,Texas,Treatment,True
2018-03-12,2185072.45,53120.2533333333,90604.2666666667,20486.8,0.0,18269.5785913151,7080.0,4823884,0.0,na,8711.0,Texas,Treatment,True
2018-03-19,1528432.0333333376,0.0,0.0,0.0,0.0,17809.8977351639,5960.0,4036244,0.0,na,12979.0,Texas,Treatment,True
2018-03-26,1757034.4000000001,19743.84,81915.2,2989.15555555556,0.0,14740.790069662,6333.33333333333,4191403,0.0,na,23910.0,Texas,Treatment,True
2018-04-02,3046539.558333337,0.0,0.0,0.0,0.0,18466.6799358092,5520.0,3583995,0.0,na,10567.0,Texas,Treatment,True
2018-04-09,1431627.9083333376,0.0,11257.6,0.0,0.0,18498.1205239543,5973.33333333333,3771321,0.0,na,41329.0,Texas,Treatment,True
2018-04-16,1201768.975,0.0,0.0,0.0,7003770.76001093,16808.5217532585,4973.33333333333,3167512,2113.26047838464,na,21616.0,Texas,Treatment,True
2018-04-23,1013642.3916666663,0.0,158353.6,0.0,0.0,12274.6903112624,3693.33333333333,2604407,0.0,na,2529.0,Texas,Treatment,True
2018-04-30,986495.4916666675,0.0,0.0,0.0,48661981.684228,9551.54238995163,3173.33333333333,2549137,12800.5972991227,na,6836.0,Texas,Treatment,True
2018-05-07,1125276.5333333337,0.0,59674.1333333333,0.0,0.0,15194.0923128355,4720.0,2937422,0.0,na,330.0,Texas,Treatment,True
2018-05-14,1091505.25,0.0,0.0,6803.64444444444,48377013.2836087,0.0,0.0,2752045,13040.4474426468,na,19401.6538461538,Texas,Treatment,True
2018-05-21,3291026.108333337,947.106666666667,26288.5333333333,0.0,0.0,0.0,0.0,3080867,0.0,event1,19401.6538461538,Texas,Treatment,True
2018-05-28,1144835.5416666674,0.0,0.0,4205.42222222223,4956890.74600197,12663.5104559052,4640.0,2957153,1009.04258358804,na,28568.0,Texas,Treatment,True
2018-06-04,1151847.8583333336,0.0,0.0,0.0,0.0,16079.2886873397,4720.0,3035519,0.0,na,26708.0,Texas,Treatment,True
2018-06-11,1168674.4666666663,8314.68,0.0,5424.66666666667,0.0,10628.7399063469,4533.33333333333,2885659,0.0,na,7675.0,Texas,Treatment,True
2018-06-18,1242761.2999999998,0.0,17462.9333333333,0.0,0.0,16028.6312039942,5413.33333333333,3263336,0.0,na,23355.0,Texas,Treatment,True
2018-06-25,1336866.7583333377,0.0,0.0,10384.1333333333,13068806.1919231,13249.2323365062,5160.0,3369140,3756.94273854507,na,16989.0,Texas,Treatment,True
2018-07-02,1179393.2333333336,14621.9466666667,168101.333333333,0.0,0.0,10623.452379865,3933.33333333333,2839892,0.0,na,14653.0,Texas,Treatment,True
2018-07-09,1424670.4083333376,0.0,0.0,11487.9111111111,34236690.5818597,14455.8407581877,5186.66666666667,3555964,8079.80213381583,na,15143.0,Texas,Treatment,True
2018-07-16,1442108.4333333378,8855.78666666667,59517.8666666667,0.0,0.0,15286.7098639836,5146.66666666667,3590008,0.0,na,9013.0,Texas,Treatment,True
2018-07-23,1871318.7166666624,9728.89333333333,0.0,5172.66666666667,0.0,15790.12289724,6920.0,4606123,0.0,na,22477.0,Texas,Treatment,True
2018-07-30,2083699.5666666627,0.0,0.0,0.0,0.0,25944.3325242028,7746.66666666667,5494567,0.0,na,8906.0,Texas,Treatment,True
2018-08-06,2541990.0916666626,13041.4933333333,92574.4,7200.13333333333,0.0,25628.492183603,8773.33333333333,6045317,0.0,na,59318.0,Texas,Treatment,True
2018-08-13,1927155.8166666622,0.0,0.0,0.0,18207358.6991848,0.0,0.0,5035305,4450.75038775587,na,19401.6538461538,Texas,Treatment,True
2018-08-20,1796449.6916666622,61563.12,106432.0,0.0,0.0,0.0,0.0,4208615,0.0,na,19401.6538461538,Texas,Treatment,True
2018-08-27,2117042.8583333376,0.0,0.0,0.0,14621474.4848198,27411.1748394789,8586.66666666667,5541654,4508.4731882541,na,48020.0,Texas,Treatment,True
2018-09-03,2607280.9583333377,11661.4133333333,68213.3333333333,772.444444444444,0.0,31195.6951985757,9733.33333333333,6397383,0.0,na,70855.0,Texas,Treatment,True
2018-09-10,2712299.15,0.0,0.0,536.0,0.0,30301.0171558242,10506.6666666667,7137648,0.0,na,46225.0,Texas,Treatment,True
2018-09-17,2604196.4666666626,0.0,46120.5333333333,9685.06666666667,13801981.7807277,31338.5629591066,9360.0,6541298,3402.89444157937,na,74995.0,Texas,Treatment,True
2018-09-24,2793556.425,887.933333333333,29320.0,0.0,0.0,32265.167943233,10893.3333333333,7283453,0.0,na,1047.0,Texas,Treatment,True
2018-10-01,3292805.5416666623,156703.44,26227.2,2698.44444444444,3798040.60699257,35375.6649126843,12346.6666666667,7884994,916.844868843293,na,34469.0,Texas,Treatment,True
2018-10-08,2926189.5666666627,0.0,0.0,2589.82222222223,6774055.54593603,36422.3840879897,11493.3333333333,7610669,2015.84616477365,na,22232.0,Texas,Treatment,True
2018-10-15,3558579.9333333373,44489.52,63107.2,1039.11111111111,11921024.3416382,30446.7250425369,12760.0,8364119,2442.58663289726,na,49409.0,Texas,Treatment,True
2018-10-22,3371364.1500000004,0.0,0.0,0.0,0.0,32520.1884579534,13493.3333333333,8898789,0.0,na,49575.0,Texas,Treatment,True
2018-10-29,3729061.8750000005,25289.9733333333,0.0,2128.13333333333,30516389.5964373,40913.5492475043,13800.0,8887808,7931.80949206687,na,42276.0,Texas,Treatment,True
2018-11-05,3502711.2083333377,0.0,145392.0,1455.51111111111,0.0,39521.572610573,14053.3333333333,8982377,0.0,na,25332.0,Texas,Treatment,True
2018-11-12,3372793.6,57350.92,0.0,0.0,39020754.6023527,0.0,0.0,7958631,8728.47486240127,na,19401.6538461538,Texas,Treatment,True
2018-11-19,3237830.7499999995,0.0,47053.3333333333,0.0,0.0,0.0,0.0,8467716,0.0,na,19401.6538461538,Texas,Treatment,True
2018-11-26,3357014.8333333377,53525.2,0.0,15129.4666666667,21917216.9573501,52188.1282144227,16000.0,7536793,7003.5951068445,na,301.0,Texas,Treatment,True
2018-12-03,2713049.7166666626,0.0,53558.9333333333,0.0,0.0,38041.1715080263,13986.6666666667,7097277,0.0,na,34832.0,Texas,Treatment,True
2018-12-10,3101377.308333337,0.0,0.0,6282.66666666667,0.0,50607.6691067817,15773.3333333333,7989344,0.0,na,68792.0,Texas,Treatment,True
2018-12-17,3123900.633333337,0.0,15363.7333333333,0.0,0.0,38023.9761183813,15546.6666666667,8215719,0.0,na,37199.0,Texas,Treatment,True
2018-12-24,4058309.75,158046.573333333,0.0,7451.95555555556,32200517.8011506,50134.327502801,17146.6666666667,8125604,9068.00740600003,na,80865.0,Texas,Treatment,True
2018-12-31,3474767.3583333376,51379.9066666667,0.0,0.0,0.0,34878.1585539847,14493.3333333333,7314043,0.0,na,54011.0,Texas,Treatment,True
2019-01-07,3246198.7249999996,0.0,329.6,903.6,6605940.80092233,40333.8662960333,17026.6666666667,8498273,1475.81477779394,na,96236.0,Texas,Treatment,True
2019-01-14,3231857.8416666626,11583.9733333333,0.0,735.111111111111,0.0,37302.7862754223,16293.3333333333,8027598,0.0,na,80627.0,Texas,Treatment,True
2019-01-21,2479028.933333338,0.0,27275.2,2920.22222222223,10381943.6071373,39059.296134673,13813.3333333333,6399576,2861.5022027215,na,629.0,Texas,Treatment,True
2019-01-28,3066975.633333337,31676.4,0.0,0.0,0.0,39410.367500875,15200.0,7415825,0.0,na,19984.0,Texas,Treatment,True
2019-02-04,2470620.9,0.0,0.0,4272.04444444444,0.0,47333.0483192967,13920.0,6396016,0.0,na,55736.0,Texas,Treatment,True
2019-02-11,2639972.775,12722.84,0.0,1191.91111111111,8001487.21526073,0.0,0.0,6492811,2110.31196598198,na,19401.6538461538,Texas,Treatment,True
2019-02-18,2119908.0833333377,0.0,0.0,501.688888888889,0.0,0.0,0.0,5588194,0.0,na,19401.6538461538,Texas,Treatment,True
2019-02-25,2500162.8666666625,18120.96,30883.2,645.822222222223,510985.60009893,29510.1313617895,12186.6666666667,6078682,0.0,na,46243.0,Texas,Treatment,True
2019-03-04,1873161.4000000001,0.0,0.0,0.0,0.0,24697.386567737,9946.66666666667,4933396,0.0,na,36979.0,Texas,Treatment,True
2019-03-11,1803257.5000000002,5490.32,0.0,0.0,0.0,27353.2611552316,9040.0,4597321,0.0,na,23990.0,Texas,Treatment,True
2019-03-18,1463427.9,0.0,0.0,0.0,27726469.9209919,18417.3058389686,7160.0,3818999,6120.74245089387,na,16046.0,Texas,Treatment,True
2019-03-25,1584070.95,3483.38666666667,5765.33333333333,0.0,0.0,23635.3469101091,7973.33333333333,4083211,0.0,na,28980.0,Texas,Treatment,True
2019-04-01,1529857.2666666624,0.0,0.0,0.0,11831373.4167825,24629.4621754088,7880.0,4017170,3308.65544901738,na,7453.0,Texas,Treatment,True
2019-04-08,1497509.1083333376,47889.8133333333,2057.06666666667,0.0,0.0,22474.9158679508,7453.33333333333,3588301,0.0,na,37507.0,Texas,Treatment,True
2019-04-15,1162020.5666666662,0.0,0.0,2996.22222222223,0.0,21748.748582943,6400.0,3026520,0.0,na,43718.0,Texas,Treatment,True
2019-04-22,2914047.675,4878.4,0.0,0.0,6453814.57751617,17160.486630913,6266.66666666667,3140648,1596.9305949494,event2,1167.0,Texas,Treatment,True
2019-04-29,1126703.875,0.0,0.0,12465.9111111111,10562526.3373281,18600.2945169807,5626.66666666667,2828444,2513.12412191477,na,1546.0,Texas,Treatment,True
2019-05-06,1252240.3666666674,3695.89333333333,0.0,0.0,0.0,18702.8228417039,7280.0,3221944,0.0,na,34861.0,Texas,Treatment,True
2019-05-13,1158476.4583333337,0.0,0.0,2123.73333333333,21735746.9416065,0.0,0.0,2992910,6455.05839562637,na,19401.6538461538,Texas,Treatment,True
2019-05-20,943949.3250000001,29240.3866666667,5769.06666666667,3789.55555555556,0.0,0.0,0.0,2251073,0.0,na,19401.6538461538,Texas,Treatment,True
2019-05-27,915588.025,0.0,3667.73333333333,0.0,0.0,13374.6984256237,5213.33333333333,2412562,0.0,na,21000.0,Texas,Treatment,True
2019-06-03,1142453.125,0.0,0.0,1391.91111111111,0.0,18279.8967874842,6200.0,2989592,0.0,na,19903.0,Texas,Treatment,True
2019-06-10,850396.2500000001,0.0,0.0,0.0,1303102.87249779,10167.5638429433,4146.66666666667,2240235,49.528605168199,na,8031.0,Texas,Treatment,True
2019-06-17,935825.9166666674,0.0,0.0,0.0,0.0,12051.5514267609,4813.33333333333,2467712,0.0,na,20173.0,Texas,Treatment,True
2019-06-24,1052269.1666666674,6160.48,0.0,0.0,0.0,16141.2873046473,4933.33333333333,2672133,0.0,na,26938.0,Texas,Treatment,True
2019-07-01,1188969.2833333337,0.0,0.0,0.0,0.0,16051.0127298767,6386.66666666667,3132194,0.0,na,8713.0,Texas,Treatment,True
2019-07-08,1197335.1500000001,5270.36,0.0,0.0,0.0,15111.7409414301,6133.33333333333,3060018,0.0,na,17384.0,Texas,Treatment,True
2019-07-15,1345850.3666666623,0.0,66465.0666666667,0.0,0.0,25572.1556008095,7720.0,3505139,0.0,na,4153.0,Texas,Treatment,True
2019-07-22,1616952.5166666624,12049.5066666667,0.0,0.0,9985410.35203357,25782.638883063,8520.0,4004072,2860.14135084335,na,25861.0,Texas,Treatment,True
2019-07-29,1898547.8416666624,0.0,38432.5333333333,0.0,0.0,25109.025698974,9520.0,4982078,0.0,na,1820.0,Texas,Treatment,True
2019-08-05,2331544.6916666627,13009.9733333333,0.0,0.0,59432757.6381927,34772.6446345877,10813.3333333333,5672763,15400.3914080076,na,40473.0,Texas,Treatment,True
2019-08-12,1826373.2666666624,0.0,33946.6666666667,0.0,0.0,0.0,0.0,4783227,0.0,na,19401.6538461538,Texas,Treatment,True
2019-08-19,1767755.2750000001,0.0,0.0,3220.26666666667,32772018.1982201,0.0,0.0,4520254,9744.91781105713,na,19401.6538461538,Texas,Treatment,True
2019-08-26,2441972.8666666625,0.0,38522.1333333333,0.0,0.0,37858.4673788283,12986.6666666667,6397749,0.0,na,48083.0,Texas,Treatment,True
2019-09-02,2665314.9416666627,226.413333333333,0.0,13731.1555555556,13581799.2530786,39232.5917333713,12800.0,6637702,4037.9586513833,na,34061.0,Texas,Treatment,True
2019-09-09,2825704.2916666623,49267.8,4244.8,0.0,0.0,45976.5561046157,13760.0,6774864,0.0,na,31325.0,Texas,Treatment,True
2019-09-16,3257562.6416666624,0.0,11461.8666666667,14604.3111111111,6328270.5669119,51907.6621149743,16093.3333333333,8116568,1330.88405277083,na,70417.0,Texas,Treatment,True
2019-09-23,3176353.858333337,27816.9466666667,0.0,0.0,0.0,48537.5137808267,15426.6666666667,7702931,0.0,na,50905.0,Texas,Treatment,True
2019-09-30,2878659.3,0.0,31455.4666666667,19608.9333333333,0.0,43225.8519776553,14680.0,7060116,0.0,na,79428.0,Texas,Treatment,True
2019-10-07,3169029.508333337,19263.9466666667,0.0,0.0,47150915.7005637,42510.0755134987,15346.6666666667,7603752,13859.7936776171,na,58284.0,Texas,Treatment,True
2019-10-14,3107143.5999999996,0.0,32230.9333333333,20496.4888888889,0.0,50946.7744707207,14946.6666666667,7612762,0.0,na,28157.0,Texas,Treatment,True
2019-10-21,2761273.625,20655.68,0.0,0.0,18960654.0784026,34560.0159402123,13826.6666666667,6701667,4454.15251745123,na,10644.0,Texas,Treatment,True
2019-10-28,3007798.933333337,2931.0,7516.8,2330.13333333333,0.0,46129.2347125477,15293.3333333333,7688920,0.0,na,9597.0,Texas,Treatment,True
2019-11-04,3457023.6250000005,2993.73333333333,0.0,3206.84444444444,0.0,50569.3301540683,17880.0,8815710,0.0,na,90189.0,Texas,Treatment,True
2019-11-11,3501252.241666663,0.0,0.0,0.0,42660373.2550797,0.0,0.0,9067759,12206.3586456633,na,19401.6538461538,Texas,Treatment,True
2015-11-23,2754371.66666667,22358.3466666667,0.0,12728.4888888889,24301284.2375304,0.0,0.0,8125009,7607.1329148046,na,19401.6538461538,Florida,Treatment,False
2015-11-30,2584276.66666667,28613.4533333333,0.0,0.0,5527033.1817753,9837.2384857852,4133.33333333333,7901549,1141.95245035415,na,14791.0,Florida,Treatment,False
2015-12-07,2547386.66666667,0.0,132278.4,453.866666666667,16651591.2234904,12044.1196528263,3786.66666666667,8300197,4256.37537782657,na,14544.0,Florida,Treatment,False
2015-12-14,2875220.0,83450.3066666667,0.0,17680.0,10549765.6762647,12268.0703194346,4253.33333333333,8122883,2800.49067685105,na,2800.0,Florida,Treatment,False
2015-12-21,2215953.33333333,0.0,277336.0,0.0,2934089.82625045,9467.2480229987,3613.33333333333,7105985,689.582605192027,na,15478.0,Florida,Treatment,False
2015-12-28,2569921.66666667,33225.3066666667,0.0,31922.3111111111,16634027.0357604,12687.2586368544,3773.33333333333,7097237,5337.0051734019,na,13817.0,Florida,Treatment,False
2016-01-04,2171506.66666667,687.053333333333,226753.6,0.0,13715898.6058832,12096.504594859,3706.66666666667,6974368,3623.01223287033,na,28817.0,Florida,Treatment,False
2016-01-11,2464131.66666667,2952.22666666667,0.0,23581.2888888889,18851563.533732,11588.3696648409,4266.66666666667,7452174,4129.8161531585,na,19082.0,Florida,Treatment,False
2016-01-18,2012520.0,0.0,0.0,0.0,11910187.8796785,9341.1605005463,3053.33333333333,6703566,3623.01223287033,na,19679.0,Florida,Treatment,False
2016-01-25,1738911.66666667,0.0,0.0,11243.9111111111,10620420.1845297,7023.24641526987,3053.33333333333,5535394,3002.69058507969,na,15095.0,Florida,Treatment,False
2016-02-01,1772306.66666667,16511.8266666667,42477.3333333333,0.0,0.0,9341.32576660873,2746.66666666667,5480098,0.0,na,9795.0,Florida,Treatment,False
2016-02-08,1809058.33333333,0.0,0.0,4763.55555555556,11416552.5179333,7107.7773245362,2693.33333333333,5872523,3564.38219778663,na,10876.0,Florida,Treatment,False
2016-02-15,1952740.0,66276.44,0.0,2448.4,5063253.0082151,0.0,0.0,5822926,1448.59774023091,na,19401.6538461538,Florida,Treatment,False
2016-02-22,1507805.0,0.0,0.0,0.0,0.0,0.0,0.0,5027123,0.0,na,19401.6538461538,Florida,Treatment,False
2016-02-29,1510391.66666667,41556.2933333333,0.0,0.0,10819486.9089563,5355.8900395874,2293.33333333333,4561518,2415.59640398059,na,583.0,Florida,Treatment,False
2016-03-07,1588840.0,0.0,0.0,16506.0888888889,0.0,9625.7947240607,2826.66666666667,4996211,0.0,na,8224.0,Florida,Treatment,False
2016-03-14,1605990.0,19772.44,43994.1333333333,0.0,0.0,5688.41158754657,2373.33333333333,4938630,0.0,na,5311.0,Florida,Treatment,False
2016-03-21,1356010.0,0.0,0.0,0.0,0.0,7036.81911751627,2293.33333333333,4520383,0.0,na,7428.0,Florida,Treatment,False
2016-03-28,2103936.66666667,0.0,66088.5333333333,13579.4222222223,26747226.4873481,6090.3817960061,2533.33333333333,4506918,6471.04840519463,na,10025.0,Florida,Treatment,False
2016-04-04,1120835.0,0.0,0.0,0.0,1146392.7743076,4636.5521979751,1906.66666666667,3738504,20.8373114038425,na,9460.0,Florida,Treatment,False
2016-04-11,1141140.0,0.0,66413.8666666667,0.0,0.0,4443.2572985456,1866.66666666667,3768926,0.0,na,2964.0,Florida,Treatment,False
2016-04-18,1166880.0,11126.7333333333,0.0,0.0,9416454.7015247,5696.9077760121,1786.66666666667,3663385,2348.68785330482,na,11663.0,Florida,Treatment,False
2016-04-25,888806.666666667,0.0,0.0,0.0,0.0,4104.89140549907,1800.0,2960479,0.0,na,6317.0,Florida,Treatment,False
2016-05-02,898873.333333333,0.0,0.0,12518.5777777778,0.0,3685.01449491983,1266.66666666667,2861890,0.0,na,5408.0,Florida,Treatment,False
2016-05-09,889373.333333334,0.0,49957.8666666667,0.0,0.0,4422.71423751953,1426.66666666667,2941465,0.0,na,1900.0,Florida,Treatment,False
2016-05-16,1915375.0,0.0,0.0,0.0,16918655.5894522,0.0,0.0,3039148,3673.93077397783,na,19401.6538461538,Florida,Treatment,False
2016-05-23,1006845.0,0.0,124442.666666667,0.0,0.0,0.0,0.0,3292482,0.0,na,19401.6538461538,Florida,Treatment,False
2016-05-30,869198.333333334,0.0,0.0,0.0,0.0,4565.78751920413,1346.66666666667,2895248,0.0,na,9003.0,Florida,Treatment,False
2016-06-06,727250.0,0.0,0.0,0.0,0.0,3110.33205292188,1200.0,2427455,0.0,na,4305.0,Florida,Treatment,False
2016-06-13,753730.0,0.0,0.0,0.0,0.0,4813.31436987967,1520.0,2516566,0.0,na,7217.0,Florida,Treatment,False
2016-06-20,999196.666666667,20472.3866666667,123908.266666667,0.0,11151653.5519218,4475.39512233343,1626.66666666667,3012353,2553.15584799705,na,1983.0,Florida,Treatment,False
2016-06-27,845843.333333333,0.0,0.0,0.0,0.0,3675.03050439213,1506.66666666667,2826660,0.0,na,3437.0,Florida,Treatment,False
2016-07-04,1126016.66666667,10121.0133333333,0.0,5168.4,0.0,4333.65846425293,1746.66666666667,3489775,0.0,na,4147.0,Florida,Treatment,False
2016-07-11,1140978.33333333,0.0,0.0,0.0,0.0,5852.91406415247,1906.66666666667,3807127,0.0,na,8479.0,Florida,Treatment,False
2016-07-18,1242656.66666667,1900.41333333333,319643.2,4780.66666666667,11243290.9562371,4215.5367592699,1426.66666666667,3824504,3552.81495682237,na,6348.0,Florida,Treatment,False
2016-07-25,1293483.33333333,0.0,0.0,0.0,0.0,6289.94462433427,1946.66666666667,4307032,0.0,na,13762.0,Florida,Treatment,False
2016-08-01,1484843.33333333,28180.2533333333,164217.066666667,0.0,17868520.4627035,6851.71836762067,2280.0,4396674,5102.03141577443,na,11841.0,Florida,Treatment,False
2016-08-08,1485698.33333333,0.0,0.0,807.777777777777,0.0,7304.35211159833,2533.33333333333,4941143,0.0,na,17162.0,Florida,Treatment,False
2016-08-15,1556608.33333333,28630.68,0.0,0.0,5124647.2077109,0.0,0.0,4762083,1011.87769166753,na,19401.6538461538,Florida,Treatment,False
2016-08-22,1391206.66666667,0.0,0.0,13979.7333333333,3888055.5115468,0.0,0.0,4409483,641.83938513355,na,19401.6538461538,Florida,Treatment,False
2016-08-29,2018783.33333333,23991.16,159645.866666667,0.0,0.0,9151.1797858402,3080.0,6065021,0.0,na,2453.0,Florida,Treatment,False
2016-09-05,2170721.66666667,21261.84,87810.1333333333,3081.37777777777,1293290.1215575,7270.37566183133,3173.33333333333,6512777,62.7969109801743,na,3186.0,Florida,Treatment,False
2016-09-12,2247670.0,0.0,160115.733333333,0.0,0.0,10132.1663115445,3333.33333333333,7311071,0.0,na,11247.0,Florida,Treatment,False
2016-09-19,2192026.66666667,0.0,32694.4,25536.6222222223,18188032.7873266,10565.8935356575,3400.0,6652807,4537.61809931117,na,15280.0,Florida,Treatment,False
2016-09-26,1895213.33333333,0.0,162375.466666667,0.0,0.0,7473.37271653427,2973.33333333333,6168548,0.0,na,2886.0,Florida,Treatment,False
2016-10-03,2232910.0,144536.64,121869.866666667,9813.15555555556,14226512.314223,9646.7091261875,3373.33333333333,6395275,3147.16769281009,na,14067.0,Florida,Treatment,False
2016-10-10,2406035.0,0.0,0.0,10723.7777777778,15350219.0573247,12546.8289279689,3986.66666666667,7711902,3614.16669566233,na,24098.0,Florida,Treatment,False
2016-10-17,2252445.0,81389.3466666667,29795.7333333333,0.0,20472630.806976,12235.0207003765,3720.0,6734048,5324.417293529,na,26550.0,Florida,Treatment,False
2016-10-24,2663125.0,0.0,158912.533333333,9360.97777777777,21314180.0870472,10533.1317810342,4080.0,8356638,5865.92293671003,na,17728.0,Florida,Treatment,False
2016-10-31,2974771.66666667,93994.7866666667,0.0,0.0,23921863.9786815,11553.3079938187,4893.33333333333,8937615,6407.42857989107,na,13989.0,Florida,Treatment,False
2016-11-07,2826128.33333333,0.0,142602.133333333,11543.8222222222,21344437.122308,14074.6642317623,4160.0,8832206,6954.9446522006,na,29426.0,Florida,Treatment,False
2016-11-14,3182900.0,52324.3866666667,0.0,0.0,17399857.3868399,0.0,0.0,9584624,5332.015383182,na,19401.6538461538,Florida,Treatment,False
2016-11-21,2964696.66666667,6957.05333333333,145018.133333333,7293.06666666667,26828516.6308749,0.0,0.0,9029457,6682.09385063127,na,19401.6538461538,Florida,Treatment,False
2016-11-28,2848525.0,0.0,0.0,4142.93333333333,17912251.1658841,24651.9854412569,9533.33333333333,9334174,4731.87970491727,na,27941.0,Florida,Treatment,False
2016-12-05,2740160.0,14254.4,239080.533333333,0.0,7156642.01074513,21707.9959767754,8400.0,8234498,1656.46786461852,na,51273.0,Florida,Treatment,False
2016-12-12,2380508.33333333,0.0,0.0,0.0,9824311.5340606,17589.6202046075,7346.66666666667,7904539,3030.36123993544,na,19606.0,Florida,Treatment,False
2016-12-19,2230915.0,0.0,334920.0,0.0,4707374.89663063,15895.5947568563,6893.33333333333,7127441,1011.87769166753,na,4453.0,Florida,Treatment,False
2016-12-26,3659425.0,107721.013333333,0.0,0.0,22845683.1663427,25949.8619985573,7733.33333333333,7730351,7226.54800621497,na,559.0,Florida,Treatment,False
2017-01-02,2827008.33333333,41054.3466666667,453696.0,27998.1333333333,19390380.0700646,19393.2805096731,7373.33333333333,7498330,4281.21092460283,na,46507.0,Florida,Treatment,False
2017-01-09,2042143.33333333,0.0,0.0,0.0,19557226.0099221,21071.32173758,7080.0,6815506,5472.97695689383,na,21771.0,Florida,Treatment,False
2017-01-16,2113358.33333333,5913.29333333333,0.0,1535.64444444444,18679824.8726728,20637.544698338,6706.66666666667,6701008,5987.71917980457,na,35351.0,Florida,Treatment,False
2017-01-23,2179918.33333333,0.0,0.0,10780.9777777778,28919354.1479856,20461.4578462089,7000.0,6998027,6502.4614027153,na,13998.0,Florida,Treatment,False
2017-01-30,2370613.33333333,40244.96,0.0,0.0,20018223.3112693,22707.7042912288,7226.66666666667,7097324,4280.64390298693,na,27415.0,Florida,Treatment,False
2017-02-06,1814556.66666667,0.0,0.0,0.0,0.0,14867.5892962259,5586.66666666667,6048680,0.0,na,4085.0,Florida,Treatment,False
2017-02-13,1951668.33333333,0.0,127723.733333333,0.0,29401726.1744863,0.0,0.0,6290401,8260.4552206404,na,19401.6538461538,Florida,Treatment,False
2017-02-20,1918238.33333333,0.0,0.0,10691.0222222222,0.0,0.0,0.0,6137639,0.0,na,19401.6538461538,Florida,Treatment,False
2017-02-27,1472390.0,0.0,0.0,0.0,47563966.0789477,12513.0683056195,4506.66666666667,4802056,13900.6192339616,na,26556.0,Florida,Treatment,False
2017-03-06,1477865.0,0.0,0.0,14027.7777777777,0.0,15487.6644036965,4666.66666666667,4688746,0.0,na,12272.0,Florida,Treatment,False
2017-03-13,1300166.66666667,10360.88,0.0,0.0,0.0,13732.6730681545,4213.33333333333,4119318,0.0,na,25992.0,Florida,Treatment,False
2017-03-20,1160205.0,0.0,0.0,19853.8222222223,0.0,9934.77283917213,3773.33333333333,3618373,0.0,na,22696.0,Florida,Treatment,False
2017-03-27,1356871.66666667,0.0,24476.2666666667,0.0,10382426.8065952,15300.7433088264,4800.0,4476843,2615.86843871519,na,26404.0,Florida,Treatment,False
2017-04-03,1355833.33333333,0.0,0.0,0.0,0.0,10658.6001230986,4560.0,4523389,0.0,na,1245.0,Florida,Treatment,False
2017-04-10,1176266.66666667,0.0,500361.6,0.0,0.0,8488.54955499217,3666.66666666667,3711150,0.0,na,1126.0,Florida,Treatment,False
2017-04-17,1955281.66666667,7469.05333333333,0.0,0.0,0.0,9083.8344655543,3546.66666666667,3057885,0.0,na,11966.0,Florida,Treatment,False
2017-04-24,1029928.33333333,0.0,296154.666666667,0.0,0.0,8713.82047149043,3266.66666666667,3309344,0.0,na,17897.0,Florida,Treatment,False
2017-05-01,2263143.33333333,36622.92,0.0,0.0,0.0,7393.34608460777,2600.0,2826863,0.0,na,6052.0,Florida,Treatment,False
2017-05-08,813771.666666667,0.0,306346.133333333,0.0,0.0,6175.20525562577,2680.0,2604828,0.0,na,9055.0,Florida,Treatment,False
2017-05-15,880871.666666667,0.0,0.0,0.0,0.0,0.0,0.0,2940496,0.0,na,19401.6538461538,Florida,Treatment,False
2017-05-22,919185.0,0.0,41006.4,0.0,15447367.0115415,0.0,0.0,3024982,3978.53478603737,na,19401.6538461538,Florida,Treatment,False
2017-05-29,826321.666666667,0.0,0.0,7174.71111111111,0.0,6193.3643033728,2173.33333333333,2681061,0.0,na,5778.0,Florida,Treatment,False
2017-06-05,833798.333333333,9125.46666666667,42486.9333333333,0.0,12831813.9734491,6252.9041434871,2680.0,2609725,3092.05319174496,na,1988.0,Florida,Treatment,False
2017-06-12,746271.666666667,0.0,0.0,0.0,0.0,7354.08765490477,2226.66666666667,2487079,0.0,na,4794.0,Florida,Treatment,False
2017-06-19,1036406.66666667,36259.68,0.0,0.0,1096202.75660569,8925.86752558127,3173.33333333333,3149223,31.2705091363358,na,5180.0,Florida,Treatment,False
2017-06-26,927931.666666667,0.0,158632.0,4659.42222222223,0.0,6929.78193955497,2666.66666666667,2963072,0.0,na,1048.0,Florida,Treatment,False
2017-07-03,1126943.33333333,4560.76,0.0,9573.06666666667,25039209.3945516,12648.1549625052,3786.66666666667,3485135,6650.1138314947,na,10977.0,Florida,Treatment,False
2017-07-10,1184220.0,0.0,0.0,0.0,0.0,11853.19284099,3720.0,3950566,0.0,na,6813.0,Florida,Treatment,False
2017-07-17,1315508.33333333,9863.8,108181.333333333,24957.5111111111,0.0,11018.8391341867,3853.33333333333,3800790,0.0,na,2361.0,Florida,Treatment,False
2017-07-24,1279360.0,0.0,0.0,0.0,0.0,11562.270481512,3866.66666666667,4264348,0.0,na,15114.0,Florida,Treatment,False
2017-07-31,1455811.66666667,11384.92,205440.0,1452.44444444444,0.0,12679.5185106457,4533.33333333333,4429446,0.0,na,10044.0,Florida,Treatment,False
2017-08-07,1553355.0,0.0,104866.133333333,9467.24444444444,0.0,17892.0630017334,5360.0,4916984,0.0,na,8930.0,Florida,Treatment,False
2017-08-14,1374855.0,34047.0533333333,0.0,0.0,0.0,0.0,0.0,4198833,0.0,na,19401.6538461538,Florida,Treatment,False
2017-08-21,1970110.0,0.0,0.0,11348.1777777778,6440827.7377115,0.0,0.0,6276021,1342.67810238147,na,19401.6538461538,Florida,Treatment,False
2017-08-28,2336431.66666667,117889.12,0.0,0.0,4742349.4953119,23445.0249066227,7000.0,7010039,898.926985780967,na,33712.0,Florida,Treatment,False
2017-09-04,2002065.0,0.0,0.0,0.0,0.0,14936.6081894453,6493.33333333333,6679241,0.0,na,20000.0,Florida,Treatment,False
2017-09-11,2027418.33333333,48869.2666666667,150164.8,4610.35555555556,2703620.81107497,15666.469342832,5586.66666666667,5890204,621.76681993082,na,2265.0,Florida,Treatment,False
2017-09-18,1886570.0,0.0,0.0,0.0,0.0,18388.7564755976,6440.0,6289814,0.0,na,15924.0,Florida,Treatment,False
2017-09-25,2529721.66666667,83663.84,144563.733333333,0.0,10559520.827648,24332.8536359244,7640.0,7410667,2529.00072715986,na,24336.0,Florida,Treatment,False
2017-10-02,2357930.0,111304.453333333,58363.2,0.0,0.0,23226.6112532117,7346.66666666667,7799073,0.0,na,29510.0,Florida,Treatment,False
2017-10-09,3003391.66666667,44637.7866666667,327236.266666667,18504.9333333333,19360866.7614647,18431.1192651512,8013.33333333333,8147766,5348.57241436617,na,15458.0,Florida,Treatment,False
2017-10-16,2283685.0,0.0,0.0,0.0,14937395.7677684,24254.9436575539,7586.66666666667,7617066,4190.37406173623,na,43966.0,Florida,Treatment,False
2017-10-23,2584721.66666667,44360.5066666667,46091.2,0.0,21426849.002827,23115.8437246922,7920.0,7756047,4731.87970491727,na,35016.0,Florida,Treatment,False
2017-10-30,2565400.0,4645.22666666667,0.0,0.0,22344988.1413883,24376.7103916034,8466.66666666667,8307903,5273.3853480983,na,4749.0,Florida,Treatment,False
2017-11-06,3407085.0,21149.0133333333,318524.266666667,23039.9111111111,13314676.7886875,26330.239038604,9826.66666666667,9283504,3552.81495682237,na,25943.0,Florida,Treatment,False
2017-11-13,2803291.66666667,0.0,0.0,0.0,31890945.1695597,0.0,0.0,9355428,7600.1018467675,na,19401.6538461538,Florida,Treatment,False
2017-11-20,3798628.2499999995,55227.3333333333,105305.066666667,1346.08888888889,12195879.3518245,0.0,0.0,9662004,3279.96415525302,na,19401.6538461538,Florida,Treatment,True
2017-11-27,3569304.8333333293,0.0,0.0,9601.77777777777,11842611.303909,36905.9678991637,15013.3333333333,9984742,2463.79324133178,na,41469.0,Florida,Treatment,True
2017-12-04,3212956.2499999995,28923.5466666667,87842.1333333333,0.0,7493271.20796543,30409.8062367799,12733.3333333333,8430013,1656.46786461852,na,16136.0,Florida,Treatment,True
2017-12-11,2599456.1666666702,0.0,0.0,0.0,10472084.5748901,27236.329063323,11120.0,7544173,3030.36123993544,na,37784.0,Florida,Treatment,True
2017-12-18,2759053.1666666702,63749.0533333333,91841.6,0.0,4846725.42831303,32468.9839755883,11666.6666666667,7267249,1011.87769166753,na,43251.0,Florida,Treatment,True
2017-12-25,4401648.0,90415.72,0.0,15034.4444444444,23016416.0721514,30009.8933476373,10080.0,6834014,7226.54800621497,na,57523.0,Florida,Treatment,True
2018-01-01,3575880.91666667,0.0,0.0,5291.68888888889,14403508.9745594,33305.9585773386,10653.3333333333,6891431,4281.21092460283,na,77617.0,Florida,Treatment,True
2018-01-08,2562347.5833333298,0.0,3947.2,0.0,22268248.093474,33849.8109116647,10840.0,7355344,5472.97695689383,na,74527.0,Florida,Treatment,True
2018-01-15,2532982.3333333298,39089.24,0.0,15480.6666666667,0.0,31966.3239607471,10080.0,6360391,0.0,na,10394.0,Florida,Treatment,True
2018-01-22,2206037.3333333293,0.0,56811.2,19347.4222222223,0.0,22464.5871201724,9226.66666666667,5937052,0.0,na,9740.0,Florida,Treatment,True
2018-01-29,2141827.0833333293,25169.2,0.0,0.0,0.0,25438.5119843879,8960.0,5721235,0.0,na,13533.0,Florida,Treatment,True
2018-02-05,2272344.4166666702,0.0,0.0,4746.8,2966401.34773465,32276.283774587,10613.3333333333,6467565,472.98034791961,na,56102.0,Florida,Treatment,True
2018-02-12,2101416.0833333293,9165.21333333333,54185.6,0.0,0.0,0.0,0.0,5749120,0.0,na,19401.6538461538,Florida,Treatment,True
2018-02-19,1904708.5833333293,0.0,0.0,6311.42222222223,0.0,0.0,0.0,5389739,0.0,na,19401.6538461538,Florida,Treatment,True
2018-02-26,1959358.4999999998,12356.1066666667,56171.2,10002.8,0.0,25169.620752354,7413.33333333333,5114017,0.0,na,19325.0,Florida,Treatment,True
2018-03-05,1711332.2499999998,0.0,0.0,0.0,0.0,22794.6813986792,7360.0,4961257,0.0,na,18078.0,Florida,Treatment,True
2018-03-12,1986429.4999999998,53120.2533333333,90604.2666666667,20486.8,0.0,18269.5785913151,7080.0,4823884,0.0,na,8711.0,Florida,Treatment,True
2018-03-19,1389483.6666666705,0.0,0.0,0.0,0.0,17809.8977351639,5960.0,4036244,0.0,na,12979.0,Florida,Treatment,True
2018-03-26,1597303.9999999998,19743.84,81915.2,2989.15555555556,0.0,14740.790069662,6333.33333333333,4191403,0.0,na,23910.0,Florida,Treatment,True
2018-04-02,2769581.4166666702,0.0,0.0,0.0,0.0,18466.6799358092,5520.0,3583995,0.0,na,10567.0,Florida,Treatment,True
2018-04-09,1301479.9166666705,0.0,11257.6,0.0,0.0,18498.1205239543,5973.33333333333,3771321,0.0,na,41329.0,Florida,Treatment,True
2018-04-16,1092517.25,0.0,0.0,0.0,7003770.76001093,16808.5217532585,4973.33333333333,3167512,2113.26047838464,na,21616.0,Florida,Treatment,True
2018-04-23,921493.0833333329,0.0,158353.6,0.0,0.0,12274.6903112624,3693.33333333333,2604407,0.0,na,2529.0,Florida,Treatment,True
2018-04-30,896814.083333334,0.0,0.0,0.0,48661981.684228,9551.54238995163,3173.33333333333,2549137,12800.5972991227,na,6836.0,Florida,Treatment,True
2018-05-07,1022978.666666667,0.0,59674.1333333333,0.0,0.0,15194.0923128355,4720.0,2937422,0.0,na,330.0,Florida,Treatment,True
2018-05-14,992277.4999999999,0.0,0.0,6803.64444444444,48377013.2836087,0.0,0.0,2752045,13040.4474426468,na,19401.6538461538,Florida,Treatment,True
2018-05-21,2991841.9166666702,947.106666666667,26288.5333333333,0.0,0.0,0.0,0.0,3080867,0.0,event1,19401.6538461538,Florida,Treatment,True
2018-05-28,1040759.583333334,0.0,0.0,4205.42222222223,4956890.74600197,12663.5104559052,4640.0,2957153,1009.04258358804,na,28568.0,Florida,Treatment,True
2018-06-04,1047134.416666667,0.0,0.0,0.0,0.0,16079.2886873397,4720.0,3035519,0.0,na,26708.0,Florida,Treatment,True
2018-06-11,1062431.3333333328,8314.68,0.0,5424.66666666667,0.0,10628.7399063469,4533.33333333333,2885659,0.0,na,7675.0,Florida,Treatment,True
2018-06-18,1129783.0,0.0,17462.9333333333,0.0,0.0,16028.6312039942,5413.33333333333,3263336,0.0,na,23355.0,Florida,Treatment,True
2018-06-25,1215333.4166666705,0.0,0.0,10384.1333333333,13068806.1919231,13249.2323365062,5160.0,3369140,3756.94273854507,na,16989.0,Florida,Treatment,True
2018-07-02,1072175.666666667,14621.9466666667,168101.333333333,0.0,0.0,10623.452379865,3933.33333333333,2839892,0.0,na,14653.0,Florida,Treatment,True
2018-07-09,1295154.9166666705,0.0,0.0,11487.9111111111,34236690.5818597,14455.8407581877,5186.66666666667,3555964,8079.80213381583,na,15143.0,Florida,Treatment,True
2018-07-16,1311007.6666666705,8855.78666666667,59517.8666666667,0.0,0.0,15286.7098639836,5146.66666666667,3590008,0.0,na,9013.0,Florida,Treatment,True
2018-07-23,1701198.8333333293,9728.89333333333,0.0,5172.66666666667,0.0,15790.12289724,6920.0,4606123,0.0,na,22477.0,Florida,Treatment,True
2018-07-30,1894272.3333333293,0.0,0.0,0.0,0.0,25944.3325242028,7746.66666666667,5494567,0.0,na,8906.0,Florida,Treatment,True
2018-08-06,2310900.0833333293,13041.4933333333,92574.4,7200.13333333333,0.0,25628.492183603,8773.33333333333,6045317,0.0,na,59318.0,Florida,Treatment,True
2018-08-13,1751959.8333333293,0.0,0.0,0.0,18207358.6991848,0.0,0.0,5035305,4450.75038775587,na,19401.6538461538,Florida,Treatment,True
2018-08-20,1633136.0833333293,61563.12,106432.0,0.0,0.0,0.0,0.0,4208615,0.0,na,19401.6538461538,Florida,Treatment,True
2018-08-27,1924584.4166666705,0.0,0.0,0.0,14621474.4848198,27411.1748394789,8586.66666666667,5541654,4508.4731882541,na,48020.0,Florida,Treatment,True
2018-09-03,2370255.4166666702,11661.4133333333,68213.3333333333,772.444444444444,0.0,31195.6951985757,9733.33333333333,6397383,0.0,na,70855.0,Florida,Treatment,True
2018-09-10,2465726.5,0.0,0.0,536.0,0.0,30301.0171558242,10506.6666666667,7137648,0.0,na,46225.0,Florida,Treatment,True
2018-09-17,2367451.3333333293,0.0,46120.5333333333,9685.06666666667,13801981.7807277,31338.5629591066,9360.0,6541298,3402.89444157937,na,74995.0,Florida,Treatment,True
2018-09-24,2539596.75,887.933333333333,29320.0,0.0,0.0,32265.167943233,10893.3333333333,7283453,0.0,na,1047.0,Florida,Treatment,True
2018-10-01,2993459.5833333298,156703.44,26227.2,2698.44444444444,3798040.60699257,35375.6649126843,12346.6666666667,7884994,916.844868843293,na,34469.0,Florida,Treatment,True
2018-10-08,2660172.3333333298,0.0,0.0,2589.82222222223,6774055.54593603,36422.3840879897,11493.3333333333,7610669,2015.84616477365,na,22232.0,Florida,Treatment,True
2018-10-15,3235072.66666667,44489.52,63107.2,1039.11111111111,11921024.3416382,30446.7250425369,12760.0,8364119,2442.58663289726,na,49409.0,Florida,Treatment,True
2018-10-22,3064876.4999999995,0.0,0.0,0.0,0.0,32520.1884579534,13493.3333333333,8898789,0.0,na,49575.0,Florida,Treatment,True
2018-10-29,3390056.2499999995,25289.9733333333,0.0,2128.13333333333,30516389.5964373,40913.5492475043,13800.0,8887808,7931.80949206687,na,42276.0,Florida,Treatment,True
2018-11-05,3184282.91666667,0.0,145392.0,1455.51111111111,0.0,39521.572610573,14053.3333333333,8982377,0.0,na,25332.0,Florida,Treatment,True
2018-11-12,3066175.9999999995,57350.92,0.0,0.0,39020754.6023527,0.0,0.0,7958631,8728.47486240127,na,19401.6538461538,Florida,Treatment,True
2018-11-19,2943482.5,0.0,47053.3333333333,0.0,0.0,0.0,0.0,8467716,0.0,na,19401.6538461538,Florida,Treatment,True
2018-11-26,3051831.66666667,53525.2,0.0,15129.4666666667,21917216.9573501,52188.1282144227,16000.0,7536793,7003.5951068445,na,301.0,Florida,Treatment,True
2018-12-03,2466408.8333333298,0.0,53558.9333333333,0.0,0.0,38041.1715080263,13986.6666666667,7097277,0.0,na,34832.0,Florida,Treatment,True
2018-12-10,2819433.9166666702,0.0,0.0,6282.66666666667,0.0,50607.6691067817,15773.3333333333,7989344,0.0,na,68792.0,Florida,Treatment,True
2018-12-17,2839909.6666666702,0.0,15363.7333333333,0.0,0.0,38023.9761183813,15546.6666666667,8215719,0.0,na,37199.0,Florida,Treatment,True
2018-12-24,3689372.4999999995,158046.573333333,0.0,7451.95555555556,32200517.8011506,50134.327502801,17146.6666666667,8125604,9068.00740600003,na,80865.0,Florida,Treatment,True
2018-12-31,3158879.41666667,51379.9066666667,0.0,0.0,0.0,34878.1585539847,14493.3333333333,7314043,0.0,na,54011.0,Florida,Treatment,True
2019-01-07,2951089.75,0.0,329.6,903.6,6605940.80092233,40333.8662960333,17026.6666666667,8498273,1475.81477779394,na,96236.0,Florida,Treatment,True
2019-01-14,2938052.5833333298,11583.9733333333,0.0,735.111111111111,0.0,37302.7862754223,16293.3333333333,8027598,0.0,na,80627.0,Florida,Treatment,True
2019-01-21,2253662.6666666702,0.0,27275.2,2920.22222222223,10381943.6071373,39059.296134673,13813.3333333333,6399576,2861.5022027215,na,629.0,Florida,Treatment,True
2019-01-28,2788159.6666666702,31676.4,0.0,0.0,0.0,39410.367500875,15200.0,7415825,0.0,na,19984.0,Florida,Treatment,True
2019-02-04,2246019.0,0.0,0.0,4272.04444444444,0.0,47333.0483192967,13920.0,6396016,0.0,na,55736.0,Florida,Treatment,True
2019-02-11,2399975.25,12722.84,0.0,1191.91111111111,8001487.21526073,0.0,0.0,6492811,2110.31196598198,na,19401.6538461538,Florida,Treatment,True
2019-02-18,1927189.1666666705,0.0,0.0,501.688888888889,0.0,0.0,0.0,5588194,0.0,na,19401.6538461538,Florida,Treatment,True
2019-02-25,2272875.3333333293,18120.96,30883.2,645.822222222223,510985.60009893,29510.1313617895,12186.6666666667,6078682,0.0,na,46243.0,Florida,Treatment,True
2019-03-04,1702873.9999999998,0.0,0.0,0.0,0.0,24697.386567737,9946.66666666667,4933396,0.0,na,36979.0,Florida,Treatment,True
2019-03-11,1639324.9999999998,5490.32,0.0,0.0,0.0,27353.2611552316,9040.0,4597321,0.0,na,23990.0,Florida,Treatment,True
2019-03-18,1330389.0,0.0,0.0,0.0,27726469.9209919,18417.3058389686,7160.0,3818999,6120.74245089387,na,16046.0,Florida,Treatment,True
2019-03-25,1440064.5,3483.38666666667,5765.33333333333,0.0,0.0,23635.3469101091,7973.33333333333,4083211,0.0,na,28980.0,Florida,Treatment,True
2019-04-01,1390779.3333333293,0.0,0.0,0.0,11831373.4167825,24629.4621754088,7880.0,4017170,3308.65544901738,na,7453.0,Florida,Treatment,True
2019-04-08,1361371.9166666705,47889.8133333333,2057.06666666667,0.0,0.0,22474.9158679508,7453.33333333333,3588301,0.0,na,37507.0,Florida,Treatment,True
2019-04-15,1056382.3333333328,0.0,0.0,2996.22222222223,0.0,21748.748582943,6400.0,3026520,0.0,na,43718.0,Florida,Treatment,True
2019-04-22,2649134.25,4878.4,0.0,0.0,6453814.57751617,17160.486630913,6266.66666666667,3140648,1596.9305949494,event2,1167.0,Florida,Treatment,True
2019-04-29,1024276.2499999999,0.0,0.0,12465.9111111111,10562526.3373281,18600.2945169807,5626.66666666667,2828444,2513.12412191477,na,1546.0,Florida,Treatment,True
2019-05-06,1138400.333333334,3695.89333333333,0.0,0.0,0.0,18702.8228417039,7280.0,3221944,0.0,na,34861.0,Florida,Treatment,True
2019-05-13,1053160.416666667,0.0,0.0,2123.73333333333,21735746.9416065,0.0,0.0,2992910,6455.05839562637,na,19401.6538461538,Florida,Treatment,True
2019-05-20,858135.7499999999,29240.3866666667,5769.06666666667,3789.55555555556,0.0,0.0,0.0,2251073,0.0,na,19401.6538461538,Florida,Treatment,True
2019-05-27,832352.7499999999,0.0,3667.73333333333,0.0,0.0,13374.6984256237,5213.33333333333,2412562,0.0,na,21000.0,Florida,Treatment,True
2019-06-03,1038593.7499999999,0.0,0.0,1391.91111111111,0.0,18279.8967874842,6200.0,2989592,0.0,na,19903.0,Florida,Treatment,True
2019-06-10,773087.4999999999,0.0,0.0,0.0,1303102.87249779,10167.5638429433,4146.66666666667,2240235,49.528605168199,na,8031.0,Florida,Treatment,True
2019-06-17,850750.833333334,0.0,0.0,0.0,0.0,12051.5514267609,4813.33333333333,2467712,0.0,na,20173.0,Florida,Treatment,True
2019-06-24,956608.333333334,6160.48,0.0,0.0,0.0,16141.2873046473,4933.33333333333,2672133,0.0,na,26938.0,Florida,Treatment,True
2019-07-01,1080881.166666667,0.0,0.0,0.0,0.0,16051.0127298767,6386.66666666667,3132194,0.0,na,8713.0,Florida,Treatment,True
2019-07-08,1088486.5,5270.36,0.0,0.0,0.0,15111.7409414301,6133.33333333333,3060018,0.0,na,17384.0,Florida,Treatment,True
2019-07-15,1223500.3333333293,0.0,66465.0666666667,0.0,0.0,25572.1556008095,7720.0,3505139,0.0,na,4153.0,Florida,Treatment,True
2019-07-22,1469956.8333333293,12049.5066666667,0.0,0.0,9985410.35203357,25782.638883063,8520.0,4004072,2860.14135084335,na,25861.0,Florida,Treatment,True
2019-07-29,1725952.5833333293,0.0,38432.5333333333,0.0,0.0,25109.025698974,9520.0,4982078,0.0,na,1820.0,Florida,Treatment,True
2019-08-05,2119586.0833333293,13009.9733333333,0.0,0.0,59432757.6381927,34772.6446345877,10813.3333333333,5672763,15400.3914080076,na,40473.0,Florida,Treatment,True
2019-08-12,1660339.3333333293,0.0,33946.6666666667,0.0,0.0,0.0,0.0,4783227,0.0,na,19401.6538461538,Florida,Treatment,True
2019-08-19,1607050.2499999998,0.0,0.0,3220.26666666667,32772018.1982201,0.0,0.0,4520254,9744.91781105713,na,19401.6538461538,Florida,Treatment,True
2019-08-26,2219975.3333333293,0.0,38522.1333333333,0.0,0.0,37858.4673788283,12986.6666666667,6397749,0.0,na,48083.0,Florida,Treatment,True
2019-09-02,2423013.5833333298,226.413333333333,0.0,13731.1555555556,13581799.2530786,39232.5917333713,12800.0,6637702,4037.9586513833,na,34061.0,Florida,Treatment,True
2019-09-09,2568822.0833333298,49267.8,4244.8,0.0,0.0,45976.5561046157,13760.0,6774864,0.0,na,31325.0,Florida,Treatment,True
2019-09-16,2961420.5833333298,0.0,11461.8666666667,14604.3111111111,6328270.5669119,51907.6621149743,16093.3333333333,8116568,1330.88405277083,na,70417.0,Florida,Treatment,True
2019-09-23,2887594.4166666702,27816.9466666667,0.0,0.0,0.0,48537.5137808267,15426.6666666667,7702931,0.0,na,50905.0,Florida,Treatment,True
2019-09-30,2616963.0,0.0,31455.4666666667,19608.9333333333,0.0,43225.8519776553,14680.0,7060116,0.0,na,79428.0,Florida,Treatment,True
2019-10-07,2880935.9166666702,19263.9466666667,0.0,0.0,47150915.7005637,42510.0755134987,15346.6666666667,7603752,13859.7936776171,na,58284.0,Florida,Treatment,True
2019-10-14,2824676.0,0.0,32230.9333333333,20496.4888888889,0.0,50946.7744707207,14946.6666666667,7612762,0.0,na,28157.0,Florida,Treatment,True
2019-10-21,2510248.75,20655.68,0.0,0.0,18960654.0784026,34560.0159402123,13826.6666666667,6701667,4454.15251745123,na,10644.0,Florida,Treatment,True
2019-10-28,2734362.6666666702,2931.0,7516.8,2330.13333333333,0.0,46129.2347125477,15293.3333333333,7688920,0.0,na,9597.0,Florida,Treatment,True
2019-11-04,3142748.7499999995,2993.73333333333,0.0,3206.84444444444,0.0,50569.3301540683,17880.0,8815710,0.0,na,90189.0,Florida,Treatment,True
2019-11-11,3182956.5833333293,0.0,0.0,0.0,42660373.2550797,0.0,0.0,9067759,12206.3586456633,na,19401.6538461538,Florida,Treatment,True
2015-11-23,2616653.0833333363,22358.3466666667,0.0,12728.4888888889,24301284.2375304,0.0,0.0,8125009,7607.1329148046,na,19401.6538461538,Arizona,Control,False
2015-11-30,2455062.8333333363,28613.4533333333,0.0,0.0,5527033.1817753,9837.2384857852,4133.33333333333,7901549,1141.95245035415,na,14791.0,Arizona,Control,False
2015-12-07,2420017.3333333363,0.0,132278.4,453.866666666667,16651591.2234904,12044.1196528263,3786.66666666667,8300197,4256.37537782657,na,14544.0,Arizona,Control,False
2015-12-14,2731459.0,83450.3066666667,0.0,17680.0,10549765.6762647,12268.0703194346,4253.33333333333,8122883,2800.49067685105,na,2800.0,Arizona,Control,False
2015-12-21,2105155.6666666637,0.0,277336.0,0.0,2934089.82625045,9467.2480229987,3613.33333333333,7105985,689.582605192027,na,15478.0,Arizona,Control,False
2015-12-28,2441425.5833333363,33225.3066666667,0.0,31922.3111111111,16634027.0357604,12687.2586368544,3773.33333333333,7097237,5337.0051734019,na,13817.0,Arizona,Control,False
2016-01-04,2062931.3333333363,687.053333333333,226753.6,0.0,13715898.6058832,12096.504594859,3706.66666666667,6974368,3623.01223287033,na,28817.0,Arizona,Control,False
2016-01-11,2340925.0833333363,2952.22666666667,0.0,23581.2888888889,18851563.533732,11588.3696648409,4266.66666666667,7452174,4129.8161531585,na,19082.0,Arizona,Control,False
2016-01-18,1911894.0,0.0,0.0,0.0,11910187.8796785,9341.1605005463,3053.33333333333,6703566,3623.01223287033,na,19679.0,Arizona,Control,False
2016-01-25,1651966.0833333365,0.0,0.0,11243.9111111111,10620420.1845297,7023.24641526987,3053.33333333333,5535394,3002.69058507969,na,15095.0,Arizona,Control,False
2016-02-01,1683691.3333333365,16511.8266666667,42477.3333333333,0.0,0.0,9341.32576660873,2746.66666666667,5480098,0.0,na,9795.0,Arizona,Control,False
2016-02-08,1718605.4166666635,0.0,0.0,4763.55555555556,11416552.5179333,7107.7773245362,2693.33333333333,5872523,3564.38219778663,na,10876.0,Arizona,Control,False
2016-02-15,1855103.0,66276.44,0.0,2448.4,5063253.0082151,0.0,0.0,5822926,1448.59774023091,na,19401.6538461538,Arizona,Control,False
2016-02-22,1432414.75,0.0,0.0,0.0,0.0,0.0,0.0,5027123,0.0,na,19401.6538461538,Arizona,Control,False
2016-02-29,1434872.0833333365,41556.2933333333,0.0,0.0,10819486.9089563,5355.8900395874,2293.33333333333,4561518,2415.59640398059,na,583.0,Arizona,Control,False
2016-03-07,1509398.0,0.0,0.0,16506.0888888889,0.0,9625.7947240607,2826.66666666667,4996211,0.0,na,8224.0,Arizona,Control,False
2016-03-14,1525690.5,19772.44,43994.1333333333,0.0,0.0,5688.41158754657,2373.33333333333,4938630,0.0,na,5311.0,Arizona,Control,False
2016-03-21,1288209.5,0.0,0.0,0.0,0.0,7036.81911751627,2293.33333333333,4520383,0.0,na,7428.0,Arizona,Control,False
2016-03-28,1998739.8333333363,0.0,66088.5333333333,13579.4222222223,26747226.4873481,6090.3817960061,2533.33333333333,4506918,6471.04840519463,na,10025.0,Arizona,Control,False
2016-04-04,1064793.25,0.0,0.0,0.0,1146392.7743076,4636.5521979751,1906.66666666667,3738504,20.8373114038425,na,9460.0,Arizona,Control,False
2016-04-11,1084083.0,0.0,66413.8666666667,0.0,0.0,4443.2572985456,1866.66666666667,3768926,0.0,na,2964.0,Arizona,Control,False
2016-04-18,1108536.0,11126.7333333333,0.0,0.0,9416454.7015247,5696.9077760121,1786.66666666667,3663385,2348.68785330482,na,11663.0,Arizona,Control,False
2016-04-25,844366.3333333336,0.0,0.0,0.0,0.0,4104.89140549907,1800.0,2960479,0.0,na,6317.0,Arizona,Control,False
2016-05-02,853929.6666666663,0.0,0.0,12518.5777777778,0.0,3685.01449491983,1266.66666666667,2861890,0.0,na,5408.0,Arizona,Control,False
2016-05-09,844904.6666666672,0.0,49957.8666666667,0.0,0.0,4422.71423751953,1426.66666666667,2941465,0.0,na,1900.0,Arizona,Control,False
2016-05-16,1819606.25,0.0,0.0,0.0,16918655.5894522,0.0,0.0,3039148,3673.93077397783,na,19401.6538461538,Arizona,Control,False
2016-05-23,956502.75,0.0,124442.666666667,0.0,0.0,0.0,0.0,3292482,0.0,na,19401.6538461538,Arizona,Control,False
2016-05-30,825738.4166666672,0.0,0.0,0.0,0.0,4565.78751920413,1346.66666666667,2895248,0.0,na,9003.0,Arizona,Control,False
2016-06-06,690887.5,0.0,0.0,0.0,0.0,3110.33205292188,1200.0,2427455,0.0,na,4305.0,Arizona,Control,False
2016-06-13,716043.5,0.0,0.0,0.0,0.0,4813.31436987967,1520.0,2516566,0.0,na,7217.0,Arizona,Control,False
2016-06-20,949236.8333333336,20472.3866666667,123908.266666667,0.0,11151653.5519218,4475.39512233343,1626.66666666667,3012353,2553.15584799705,na,1983.0,Arizona,Control,False
2016-06-27,803551.1666666663,0.0,0.0,0.0,0.0,3675.03050439213,1506.66666666667,2826660,0.0,na,3437.0,Arizona,Control,False
2016-07-04,1069715.8333333365,10121.0133333333,0.0,5168.4,0.0,4333.65846425293,1746.66666666667,3489775,0.0,na,4147.0,Arizona,Control,False
2016-07-11,1083929.4166666635,0.0,0.0,0.0,0.0,5852.91406415247,1906.66666666667,3807127,0.0,na,8479.0,Arizona,Control,False
2016-07-18,1180523.8333333365,1900.41333333333,319643.2,4780.66666666667,11243290.9562371,4215.5367592699,1426.66666666667,3824504,3552.81495682237,na,6348.0,Arizona,Control,False
2016-07-25,1228809.1666666635,0.0,0.0,0.0,0.0,6289.94462433427,1946.66666666667,4307032,0.0,na,13762.0,Arizona,Control,False
2016-08-01,1410601.1666666635,28180.2533333333,164217.066666667,0.0,17868520.4627035,6851.71836762067,2280.0,4396674,5102.03141577443,na,11841.0,Arizona,Control,False
2016-08-08,1411413.4166666635,0.0,0.0,807.777777777777,0.0,7304.35211159833,2533.33333333333,4941143,0.0,na,17162.0,Arizona,Control,False
2016-08-15,1478777.9166666635,28630.68,0.0,0.0,5124647.2077109,0.0,0.0,4762083,1011.87769166753,na,19401.6538461538,Arizona,Control,False
2016-08-22,1321646.3333333365,0.0,0.0,13979.7333333333,3888055.5115468,0.0,0.0,4409483,641.83938513355,na,19401.6538461538,Arizona,Control,False
2016-08-29,1917844.1666666635,23991.16,159645.866666667,0.0,0.0,9151.1797858402,3080.0,6065021,0.0,na,2453.0,Arizona,Control,False
2016-09-05,2062185.5833333363,21261.84,87810.1333333333,3081.37777777777,1293290.1215575,7270.37566183133,3173.33333333333,6512777,62.7969109801743,na,3186.0,Arizona,Control,False
2016-09-12,2135286.5,0.0,160115.733333333,0.0,0.0,10132.1663115445,3333.33333333333,7311071,0.0,na,11247.0,Arizona,Control,False
2016-09-19,2082425.3333333363,0.0,32694.4,25536.6222222223,18188032.7873266,10565.8935356575,3400.0,6652807,4537.61809931117,na,15280.0,Arizona,Control,False
2016-09-26,1800452.6666666635,0.0,162375.466666667,0.0,0.0,7473.37271653427,2973.33333333333,6168548,0.0,na,2886.0,Arizona,Control,False
2016-10-03,2121264.5,144536.64,121869.866666667,9813.15555555556,14226512.314223,9646.7091261875,3373.33333333333,6395275,3147.16769281009,na,14067.0,Arizona,Control,False
2016-10-10,2285733.25,0.0,0.0,10723.7777777778,15350219.0573247,12546.8289279689,3986.66666666667,7711902,3614.16669566233,na,24098.0,Arizona,Control,False
2016-10-17,2139822.75,81389.3466666667,29795.7333333333,0.0,20472630.806976,12235.0207003765,3720.0,6734048,5324.417293529,na,26550.0,Arizona,Control,False
2016-10-24,2529968.75,0.0,158912.533333333,9360.97777777777,21314180.0870472,10533.1317810342,4080.0,8356638,5865.92293671003,na,17728.0,Arizona,Control,False
2016-10-31,2826033.0833333363,93994.7866666667,0.0,0.0,23921863.9786815,11553.3079938187,4893.33333333333,8937615,6407.42857989107,na,13989.0,Arizona,Control,False
2016-11-07,2684821.9166666637,0.0,142602.133333333,11543.8222222222,21344437.122308,14074.6642317623,4160.0,8832206,6954.9446522006,na,29426.0,Arizona,Control,False
2016-11-14,3023755.0,52324.3866666667,0.0,0.0,17399857.3868399,0.0,0.0,9584624,5332.015383182,na,19401.6538461538,Arizona,Control,False
2016-11-21,2816461.8333333363,6957.05333333333,145018.133333333,7293.06666666667,26828516.6308749,0.0,0.0,9029457,6682.09385063127,na,19401.6538461538,Arizona,Control,False
2016-11-28,2706098.75,0.0,0.0,4142.93333333333,17912251.1658841,24651.9854412569,9533.33333333333,9334174,4731.87970491727,na,27941.0,Arizona,Control,False
2016-12-05,2603152.0,14254.4,239080.533333333,0.0,7156642.01074513,21707.9959767754,8400.0,8234498,1656.46786461852,na,51273.0,Arizona,Control,False
2016-12-12,2261482.9166666637,0.0,0.0,0.0,9824311.5340606,17589.6202046075,7346.66666666667,7904539,3030.36123993544,na,19606.0,Arizona,Control,False
2016-12-19,2119369.25,0.0,334920.0,0.0,4707374.89663063,15895.5947568563,6893.33333333333,7127441,1011.87769166753,na,4453.0,Arizona,Control,False
2016-12-26,3476453.75,107721.013333333,0.0,0.0,22845683.1663427,25949.8619985573,7733.33333333333,7730351,7226.54800621497,na,559.0,Arizona,Control,False
2017-01-02,2685657.9166666637,41054.3466666667,453696.0,27998.1333333333,19390380.0700646,19393.2805096731,7373.33333333333,7498330,4281.21092460283,na,46507.0,Arizona,Control,False
2017-01-09,1940036.1666666635,0.0,0.0,0.0,19557226.0099221,21071.32173758,7080.0,6815506,5472.97695689383,na,21771.0,Arizona,Control,False
2017-01-16,2007690.4166666637,5913.29333333333,0.0,1535.64444444444,18679824.8726728,20637.544698338,6706.66666666667,6701008,5987.71917980457,na,35351.0,Arizona,Control,False
2017-01-23,2070922.4166666637,0.0,0.0,10780.9777777778,28919354.1479856,20461.4578462089,7000.0,6998027,6502.4614027153,na,13998.0,Arizona,Control,False
2017-01-30,2252082.6666666637,40244.96,0.0,0.0,20018223.3112693,22707.7042912288,7226.66666666667,7097324,4280.64390298693,na,27415.0,Arizona,Control,False
2017-02-06,1723828.8333333365,0.0,0.0,0.0,0.0,14867.5892962259,5586.66666666667,6048680,0.0,na,4085.0,Arizona,Control,False
2017-02-13,1854084.9166666635,0.0,127723.733333333,0.0,29401726.1744863,0.0,0.0,6290401,8260.4552206404,na,19401.6538461538,Arizona,Control,False
2017-02-20,1822326.4166666635,0.0,0.0,10691.0222222222,0.0,0.0,0.0,6137639,0.0,na,19401.6538461538,Arizona,Control,False
2017-02-27,1398770.5,0.0,0.0,0.0,47563966.0789477,12513.0683056195,4506.66666666667,4802056,13900.6192339616,na,26556.0,Arizona,Control,False
2017-03-06,1403971.75,0.0,0.0,14027.7777777777,0.0,15487.6644036965,4666.66666666667,4688746,0.0,na,12272.0,Arizona,Control,False
2017-03-13,1235158.3333333365,10360.88,0.0,0.0,0.0,13732.6730681545,4213.33333333333,4119318,0.0,na,25992.0,Arizona,Control,False
2017-03-20,1102194.75,0.0,0.0,19853.8222222223,0.0,9934.77283917213,3773.33333333333,3618373,0.0,na,22696.0,Arizona,Control,False
2017-03-27,1289028.0833333365,0.0,24476.2666666667,0.0,10382426.8065952,15300.7433088264,4800.0,4476843,2615.86843871519,na,26404.0,Arizona,Control,False
2017-04-03,1288041.6666666635,0.0,0.0,0.0,0.0,10658.6001230986,4560.0,4523389,0.0,na,1245.0,Arizona,Control,False
2017-04-10,1117453.3333333365,0.0,500361.6,0.0,0.0,8488.54955499217,3666.66666666667,3711150,0.0,na,1126.0,Arizona,Control,False
2017-04-17,1857517.5833333365,7469.05333333333,0.0,0.0,0.0,9083.8344655543,3546.66666666667,3057885,0.0,na,11966.0,Arizona,Control,False
2017-04-24,978431.9166666635,0.0,296154.666666667,0.0,0.0,8713.82047149043,3266.66666666667,3309344,0.0,na,17897.0,Arizona,Control,False
2017-05-01,2149986.1666666637,36622.92,0.0,0.0,0.0,7393.34608460777,2600.0,2826863,0.0,na,6052.0,Arizona,Control,False
2017-05-08,773083.0833333336,0.0,306346.133333333,0.0,0.0,6175.20525562577,2680.0,2604828,0.0,na,9055.0,Arizona,Control,False
2017-05-15,836828.0833333336,0.0,0.0,0.0,0.0,0.0,0.0,2940496,0.0,na,19401.6538461538,Arizona,Control,False
2017-05-22,873225.75,0.0,41006.4,0.0,15447367.0115415,0.0,0.0,3024982,3978.53478603737,na,19401.6538461538,Arizona,Control,False
2017-05-29,785005.5833333336,0.0,0.0,7174.71111111111,0.0,6193.3643033728,2173.33333333333,2681061,0.0,na,5778.0,Arizona,Control,False
2017-06-05,792108.4166666663,9125.46666666667,42486.9333333333,0.0,12831813.9734491,6252.9041434871,2680.0,2609725,3092.05319174496,na,1988.0,Arizona,Control,False
2017-06-12,708958.0833333336,0.0,0.0,0.0,0.0,7354.08765490477,2226.66666666667,2487079,0.0,na,4794.0,Arizona,Control,False
2017-06-19,984586.3333333365,36259.68,0.0,0.0,1096202.75660569,8925.86752558127,3173.33333333333,3149223,31.2705091363358,na,5180.0,Arizona,Control,False
2017-06-26,881535.0833333336,0.0,158632.0,4659.42222222223,0.0,6929.78193955497,2666.66666666667,2963072,0.0,na,1048.0,Arizona,Control,False
2017-07-03,1070596.1666666635,4560.76,0.0,9573.06666666667,25039209.3945516,12648.1549625052,3786.66666666667,3485135,6650.1138314947,na,10977.0,Arizona,Control,False
2017-07-10,1125009.0,0.0,0.0,0.0,0.0,11853.19284099,3720.0,3950566,0.0,na,6813.0,Arizona,Control,False
2017-07-17,1249732.9166666635,9863.8,108181.333333333,24957.5111111111,0.0,11018.8391341867,3853.33333333333,3800790,0.0,na,2361.0,Arizona,Control,False
2017-07-24,1215392.0,0.0,0.0,0.0,0.0,11562.270481512,3866.66666666667,4264348,0.0,na,15114.0,Arizona,Control,False
2017-07-31,1383021.0833333365,11384.92,205440.0,1452.44444444444,0.0,12679.5185106457,4533.33333333333,4429446,0.0,na,10044.0,Arizona,Control,False
2017-08-07,1475687.25,0.0,104866.133333333,9467.24444444444,0.0,17892.0630017334,5360.0,4916984,0.0,na,8930.0,Arizona,Control,False
2017-08-14,1306112.25,34047.0533333333,0.0,0.0,0.0,0.0,0.0,4198833,0.0,na,19401.6538461538,Arizona,Control,False
2017-08-21,1871604.5,0.0,0.0,11348.1777777778,6440827.7377115,0.0,0.0,6276021,1342.67810238147,na,19401.6538461538,Arizona,Control,False
2017-08-28,2219610.0833333363,117889.12,0.0,0.0,4742349.4953119,23445.0249066227,7000.0,7010039,898.926985780967,na,33712.0,Arizona,Control,False
2017-09-04,1901961.75,0.0,0.0,0.0,0.0,14936.6081894453,6493.33333333333,6679241,0.0,na,20000.0,Arizona,Control,False
2017-09-11,1926047.4166666635,48869.2666666667,150164.8,4610.35555555556,2703620.81107497,15666.469342832,5586.66666666667,5890204,621.76681993082,na,2265.0,Arizona,Control,False
2017-09-18,1792241.5,0.0,0.0,0.0,0.0,18388.7564755976,6440.0,6289814,0.0,na,15924.0,Arizona,Control,False
2017-09-25,2403235.5833333363,83663.84,144563.733333333,0.0,10559520.827648,24332.8536359244,7640.0,7410667,2529.00072715986,na,24336.0,Arizona,Control,False
2017-10-02,2240033.5,111304.453333333,58363.2,0.0,0.0,23226.6112532117,7346.66666666667,7799073,0.0,na,29510.0,Arizona,Control,False
2017-10-09,2853222.0833333363,44637.7866666667,327236.266666667,18504.9333333333,19360866.7614647,18431.1192651512,8013.33333333333,8147766,5348.57241436617,na,15458.0,Arizona,Control,False
2017-10-16,2169500.75,0.0,0.0,0.0,14937395.7677684,24254.9436575539,7586.66666666667,7617066,4190.37406173623,na,43966.0,Arizona,Control,False
2017-10-23,2455485.5833333363,44360.5066666667,46091.2,0.0,21426849.002827,23115.8437246922,7920.0,7756047,4731.87970491727,na,35016.0,Arizona,Control,False
2017-10-30,2437130.0,4645.22666666667,0.0,0.0,22344988.1413883,24376.7103916034,8466.66666666667,8307903,5273.3853480983,na,4749.0,Arizona,Control,False
2017-11-06,3236730.75,21149.0133333333,318524.266666667,23039.9111111111,13314676.7886875,26330.239038604,9826.66666666667,9283504,3552.81495682237,na,25943.0,Arizona,Control,False
2017-11-13,2663127.0833333363,0.0,0.0,0.0,31890945.1695597,0.0,0.0,9355428,7600.1018467675,na,19401.6538461538,Arizona,Control,False
2017-11-20,3137997.25,55227.3333333333,105305.066666667,1346.08888888889,12195879.3518245,0.0,0.0,9662004,3279.96415525302,na,19401.6538461538,Arizona,Control,True
2017-11-27,2948556.1666666637,0.0,0.0,9601.77777777777,11842611.303909,36905.9678991637,15013.3333333333,9984742,2463.79324133178,na,41469.0,Arizona,Control,True
2017-12-04,2654181.25,28923.5466666667,87842.1333333333,0.0,7493271.20796543,30409.8062367799,12733.3333333333,8430013,1656.46786461852,na,16136.0,Arizona,Control,True
2017-12-11,2147376.8333333363,0.0,0.0,0.0,10472084.5748901,27236.329063323,11120.0,7544173,3030.36123993544,na,37784.0,Arizona,Control,True
2017-12-18,2279217.8333333363,63749.0533333333,91841.6,0.0,4846725.42831303,32468.9839755883,11666.6666666667,7267249,1011.87769166753,na,43251.0,Arizona,Control,True
2017-12-25,3636144.0,90415.72,0.0,15034.4444444444,23016416.0721514,30009.8933476373,10080.0,6834014,7226.54800621497,na,57523.0,Arizona,Control,True
2018-01-01,2953988.5833333363,0.0,0.0,5291.68888888889,14403508.9745594,33305.9585773386,10653.3333333333,6891431,4281.21092460283,na,77617.0,Arizona,Control,True
2018-01-08,2116721.9166666637,0.0,3947.2,0.0,22268248.093474,33849.8109116647,10840.0,7355344,5472.97695689383,na,74527.0,Arizona,Control,True
2018-01-15,2092463.6666666637,39089.24,0.0,15480.6666666667,0.0,31966.3239607471,10080.0,6360391,0.0,na,10394.0,Arizona,Control,True
2018-01-22,1822378.6666666635,0.0,56811.2,19347.4222222223,0.0,22464.5871201724,9226.66666666667,5937052,0.0,na,9740.0,Arizona,Control,True
2018-01-29,1769335.4166666635,25169.2,0.0,0.0,0.0,25438.5119843879,8960.0,5721235,0.0,na,13533.0,Arizona,Control,True
2018-02-05,1877154.0833333365,0.0,0.0,4746.8,2966401.34773465,32276.283774587,10613.3333333333,6467565,472.98034791961,na,56102.0,Arizona,Control,True
2018-02-12,1735952.4166666635,9165.21333333333,54185.6,0.0,0.0,0.0,0.0,5749120,0.0,na,19401.6538461538,Arizona,Control,True
2018-02-19,1573454.9166666635,0.0,0.0,6311.42222222223,0.0,0.0,0.0,5389739,0.0,na,19401.6538461538,Arizona,Control,True
2018-02-26,1618600.5,12356.1066666667,56171.2,10002.8,0.0,25169.620752354,7413.33333333333,5114017,0.0,na,19325.0,Arizona,Control,True
2018-03-05,1413709.25,0.0,0.0,0.0,0.0,22794.6813986792,7360.0,4961257,0.0,na,18078.0,Arizona,Control,True
2018-03-12,1640963.5,53120.2533333333,90604.2666666667,20486.8,0.0,18269.5785913151,7080.0,4823884,0.0,na,8711.0,Arizona,Control,True
2018-03-19,1147834.3333333365,0.0,0.0,0.0,0.0,17809.8977351639,5960.0,4036244,0.0,na,12979.0,Arizona,Control,True
2018-03-26,1319512.0,19743.84,81915.2,2989.15555555556,0.0,14740.790069662,6333.33333333333,4191403,0.0,na,23910.0,Arizona,Control,True
2018-04-02,2287915.0833333363,0.0,0.0,0.0,0.0,18466.6799358092,5520.0,3583995,0.0,na,10567.0,Arizona,Control,True
2018-04-09,1075135.5833333365,0.0,11257.6,0.0,0.0,18498.1205239543,5973.33333333333,3771321,0.0,na,41329.0,Arizona,Control,True
2018-04-16,902514.25,0.0,0.0,0.0,7003770.76001093,16808.5217532585,4973.33333333333,3167512,2113.26047838464,na,21616.0,Arizona,Control,True
2018-04-23,761233.4166666663,0.0,158353.6,0.0,0.0,12274.6903112624,3693.33333333333,2604407,0.0,na,2529.0,Arizona,Control,True
2018-04-30,740846.4166666672,0.0,0.0,0.0,48661981.684228,9551.54238995163,3173.33333333333,2549137,12800.5972991227,na,6836.0,Arizona,Control,True
2018-05-07,845069.3333333336,0.0,59674.1333333333,0.0,0.0,15194.0923128355,4720.0,2937422,0.0,na,330.0,Arizona,Control,True
2018-05-14,819707.5,0.0,0.0,6803.64444444444,48377013.2836087,0.0,0.0,2752045,13040.4474426468,na,19401.6538461538,Arizona,Control,True
2018-05-21,2471521.5833333363,947.106666666667,26288.5333333333,0.0,0.0,0.0,0.0,3080867,0.0,event1,19401.6538461538,Arizona,Control,True
2018-05-28,859757.9166666672,0.0,0.0,4205.42222222223,4956890.74600197,12663.5104559052,4640.0,2957153,1009.04258358804,na,28568.0,Arizona,Control,True
2018-06-04,865024.0833333336,0.0,0.0,0.0,0.0,16079.2886873397,4720.0,3035519,0.0,na,26708.0,Arizona,Control,True
2018-06-11,877660.6666666663,8314.68,0.0,5424.66666666667,0.0,10628.7399063469,4533.33333333333,2885659,0.0,na,7675.0,Arizona,Control,True
2018-06-18,933299.0,0.0,17462.9333333333,0.0,0.0,16028.6312039942,5413.33333333333,3263336,0.0,na,23355.0,Arizona,Control,True
2018-06-25,1003971.0833333364,0.0,0.0,10384.1333333333,13068806.1919231,13249.2323365062,5160.0,3369140,3756.94273854507,na,16989.0,Arizona,Control,True
2018-07-02,885710.3333333336,14621.9466666667,168101.333333333,0.0,0.0,10623.452379865,3933.33333333333,2839892,0.0,na,14653.0,Arizona,Control,True
2018-07-09,1069910.5833333365,0.0,0.0,11487.9111111111,34236690.5818597,14455.8407581877,5186.66666666667,3555964,8079.80213381583,na,15143.0,Arizona,Control,True
2018-07-16,1083006.3333333365,8855.78666666667,59517.8666666667,0.0,0.0,15286.7098639836,5146.66666666667,3590008,0.0,na,9013.0,Arizona,Control,True
2018-07-23,1405338.1666666635,9728.89333333333,0.0,5172.66666666667,0.0,15790.12289724,6920.0,4606123,0.0,na,22477.0,Arizona,Control,True
2018-07-30,1564833.6666666635,0.0,0.0,0.0,0.0,25944.3325242028,7746.66666666667,5494567,0.0,na,8906.0,Arizona,Control,True
2018-08-06,1909004.4166666635,13041.4933333333,92574.4,7200.13333333333,0.0,25628.492183603,8773.33333333333,6045317,0.0,na,59318.0,Arizona,Control,True
2018-08-13,1447271.1666666635,0.0,0.0,0.0,18207358.6991848,0.0,0.0,5035305,4450.75038775587,na,19401.6538461538,Arizona,Control,True
2018-08-20,1349112.4166666635,61563.12,106432.0,0.0,0.0,0.0,0.0,4208615,0.0,na,19401.6538461538,Arizona,Control,True
2018-08-27,1589874.0833333365,0.0,0.0,0.0,14621474.4848198,27411.1748394789,8586.66666666667,5541654,4508.4731882541,na,48020.0,Arizona,Control,True
2018-09-03,1958037.0833333365,11661.4133333333,68213.3333333333,772.444444444444,0.0,31195.6951985757,9733.33333333333,6397383,0.0,na,70855.0,Arizona,Control,True
2018-09-10,2036904.5,0.0,0.0,536.0,0.0,30301.0171558242,10506.6666666667,7137648,0.0,na,46225.0,Arizona,Control,True
2018-09-17,1955720.6666666635,0.0,46120.5333333333,9685.06666666667,13801981.7807277,31338.5629591066,9360.0,6541298,3402.89444157937,na,74995.0,Arizona,Control,True
2018-09-24,2097927.75,887.933333333333,29320.0,0.0,0.0,32265.167943233,10893.3333333333,7283453,0.0,na,1047.0,Arizona,Control,True
2018-10-01,2472857.9166666637,156703.44,26227.2,2698.44444444444,3798040.60699257,35375.6649126843,12346.6666666667,7884994,916.844868843293,na,34469.0,Arizona,Control,True
2018-10-08,2197533.6666666637,0.0,0.0,2589.82222222223,6774055.54593603,36422.3840879897,11493.3333333333,7610669,2015.84616477365,na,22232.0,Arizona,Control,True
2018-10-15,2672451.3333333363,44489.52,63107.2,1039.11111111111,11921024.3416382,30446.7250425369,12760.0,8364119,2442.58663289726,na,49409.0,Arizona,Control,True
2018-10-22,2531854.5,0.0,0.0,0.0,0.0,32520.1884579534,13493.3333333333,8898789,0.0,na,49575.0,Arizona,Control,True
2018-10-29,2800481.25,25289.9733333333,0.0,2128.13333333333,30516389.5964373,40913.5492475043,13800.0,8887808,7931.80949206687,na,42276.0,Arizona,Control,True
2018-11-05,2630494.5833333363,0.0,145392.0,1455.51111111111,0.0,39521.572610573,14053.3333333333,8982377,0.0,na,25332.0,Arizona,Control,True
2018-11-12,2532928.0,57350.92,0.0,0.0,39020754.6023527,0.0,0.0,7958631,8728.47486240127,na,19401.6538461538,Arizona,Control,True
2018-11-19,2431572.5,0.0,47053.3333333333,0.0,0.0,0.0,0.0,8467716,0.0,na,19401.6538461538,Arizona,Control,True
2018-11-26,2521078.3333333363,53525.2,0.0,15129.4666666667,21917216.9573501,52188.1282144227,16000.0,7536793,7003.5951068445,na,301.0,Arizona,Control,True
2018-12-03,2037468.1666666637,0.0,53558.9333333333,0.0,0.0,38041.1715080263,13986.6666666667,7097277,0.0,na,34832.0,Arizona,Control,True
2018-12-10,2329097.5833333363,0.0,0.0,6282.66666666667,0.0,50607.6691067817,15773.3333333333,7989344,0.0,na,68792.0,Arizona,Control,True
2018-12-17,2346012.3333333363,0.0,15363.7333333333,0.0,0.0,38023.9761183813,15546.6666666667,8215719,0.0,na,37199.0,Arizona,Control,True
2018-12-24,3047742.5,158046.573333333,0.0,7451.95555555556,32200517.8011506,50134.327502801,17146.6666666667,8125604,9068.00740600003,na,80865.0,Arizona,Control,True
2018-12-31,2609509.0833333363,51379.9066666667,0.0,0.0,0.0,34878.1585539847,14493.3333333333,7314043,0.0,na,54011.0,Arizona,Control,True
2019-01-07,2437856.75,0.0,329.6,903.6,6605940.80092233,40333.8662960333,17026.6666666667,8498273,1475.81477779394,na,96236.0,Arizona,Control,True
2019-01-14,2427086.9166666637,11583.9733333333,0.0,735.111111111111,0.0,37302.7862754223,16293.3333333333,8027598,0.0,na,80627.0,Arizona,Control,True
2019-01-21,1861721.3333333365,0.0,27275.2,2920.22222222223,10381943.6071373,39059.296134673,13813.3333333333,6399576,2861.5022027215,na,629.0,Arizona,Control,True
2019-01-28,2303262.3333333363,31676.4,0.0,0.0,0.0,39410.367500875,15200.0,7415825,0.0,na,19984.0,Arizona,Control,True
2019-02-04,1855407.0,0.0,0.0,4272.04444444444,0.0,47333.0483192967,13920.0,6396016,0.0,na,55736.0,Arizona,Control,True
2019-02-11,1982588.25,12722.84,0.0,1191.91111111111,8001487.21526073,0.0,0.0,6492811,2110.31196598198,na,19401.6538461538,Arizona,Control,True
2019-02-18,1592025.8333333365,0.0,0.0,501.688888888889,0.0,0.0,0.0,5588194,0.0,na,19401.6538461538,Arizona,Control,True
2019-02-25,1877592.6666666635,18120.96,30883.2,645.822222222223,510985.60009893,29510.1313617895,12186.6666666667,6078682,0.0,na,46243.0,Arizona,Control,True
2019-03-04,1406722.0,0.0,0.0,0.0,0.0,24697.386567737,9946.66666666667,4933396,0.0,na,36979.0,Arizona,Control,True
2019-03-11,1354225.0,5490.32,0.0,0.0,0.0,27353.2611552316,9040.0,4597321,0.0,na,23990.0,Arizona,Control,True
2019-03-18,1099017.0,0.0,0.0,0.0,27726469.9209919,18417.3058389686,7160.0,3818999,6120.74245089387,na,16046.0,Arizona,Control,True
2019-03-25,1189618.5,3483.38666666667,5765.33333333333,0.0,0.0,23635.3469101091,7973.33333333333,4083211,0.0,na,28980.0,Arizona,Control,True
2019-04-01,1148904.6666666635,0.0,0.0,0.0,11831373.4167825,24629.4621754088,7880.0,4017170,3308.65544901738,na,7453.0,Arizona,Control,True
2019-04-08,1124611.5833333365,47889.8133333333,2057.06666666667,0.0,0.0,22474.9158679508,7453.33333333333,3588301,0.0,na,37507.0,Arizona,Control,True
2019-04-15,872663.6666666663,0.0,0.0,2996.22222222223,0.0,21748.748582943,6400.0,3026520,0.0,na,43718.0,Arizona,Control,True
2019-04-22,2188415.25,4878.4,0.0,0.0,6453814.57751617,17160.486630913,6266.66666666667,3140648,1596.9305949494,event2,1167.0,Arizona,Control,True
2019-04-29,846141.25,0.0,0.0,12465.9111111111,10562526.3373281,18600.2945169807,5626.66666666667,2828444,2513.12412191477,na,1546.0,Arizona,Control,True
2019-05-06,940417.6666666672,3695.89333333333,0.0,0.0,0.0,18702.8228417039,7280.0,3221944,0.0,na,34861.0,Arizona,Control,True
2019-05-13,870002.0833333336,0.0,0.0,2123.73333333333,21735746.9416065,0.0,0.0,2992910,6455.05839562637,na,19401.6538461538,Arizona,Control,True
2019-05-20,708894.75,29240.3866666667,5769.06666666667,3789.55555555556,0.0,0.0,0.0,2251073,0.0,na,19401.6538461538,Arizona,Control,True
2019-05-27,687595.75,0.0,3667.73333333333,0.0,0.0,13374.6984256237,5213.33333333333,2412562,0.0,na,21000.0,Arizona,Control,True
2019-06-03,857968.75,0.0,0.0,1391.91111111111,0.0,18279.8967874842,6200.0,2989592,0.0,na,19903.0,Arizona,Control,True
2019-06-10,638637.5,0.0,0.0,0.0,1303102.87249779,10167.5638429433,4146.66666666667,2240235,49.528605168199,na,8031.0,Arizona,Control,True
2019-06-17,702794.1666666672,0.0,0.0,0.0,0.0,12051.5514267609,4813.33333333333,2467712,0.0,na,20173.0,Arizona,Control,True
2019-06-24,790241.6666666672,6160.48,0.0,0.0,0.0,16141.2873046473,4933.33333333333,2672133,0.0,na,26938.0,Arizona,Control,True
2019-07-01,892901.8333333336,0.0,0.0,0.0,0.0,16051.0127298767,6386.66666666667,3132194,0.0,na,8713.0,Arizona,Control,True
2019-07-08,899184.5,5270.36,0.0,0.0,0.0,15111.7409414301,6133.33333333333,3060018,0.0,na,17384.0,Arizona,Control,True
2019-07-15,1010717.6666666635,0.0,66465.0666666667,0.0,0.0,25572.1556008095,7720.0,3505139,0.0,na,4153.0,Arizona,Control,True
2019-07-22,1214312.1666666635,12049.5066666667,0.0,0.0,9985410.35203357,25782.638883063,8520.0,4004072,2860.14135084335,na,25861.0,Arizona,Control,True
2019-07-29,1425786.9166666635,0.0,38432.5333333333,0.0,0.0,25109.025698974,9520.0,4982078,0.0,na,1820.0,Arizona,Control,True
2019-08-05,1750962.4166666635,13009.9733333333,0.0,0.0,59432757.6381927,34772.6446345877,10813.3333333333,5672763,15400.3914080076,na,40473.0,Arizona,Control,True
2019-08-12,1371584.6666666635,0.0,33946.6666666667,0.0,0.0,0.0,0.0,4783227,0.0,na,19401.6538461538,Arizona,Control,True
2019-08-19,1327563.25,0.0,0.0,3220.26666666667,32772018.1982201,0.0,0.0,4520254,9744.91781105713,na,19401.6538461538,Arizona,Control,True
2019-08-26,1833892.6666666635,0.0,38522.1333333333,0.0,0.0,37858.4673788283,12986.6666666667,6397749,0.0,na,48083.0,Arizona,Control,True
2019-09-02,2001619.9166666637,226.413333333333,0.0,13731.1555555556,13581799.2530786,39232.5917333713,12800.0,6637702,4037.9586513833,na,34061.0,Arizona,Control,True
2019-09-09,2122070.4166666637,49267.8,4244.8,0.0,0.0,45976.5561046157,13760.0,6774864,0.0,na,31325.0,Arizona,Control,True
2019-09-16,2446390.9166666637,0.0,11461.8666666667,14604.3111111111,6328270.5669119,51907.6621149743,16093.3333333333,8116568,1330.88405277083,na,70417.0,Arizona,Control,True
2019-09-23,2385404.0833333363,27816.9466666667,0.0,0.0,0.0,48537.5137808267,15426.6666666667,7702931,0.0,na,50905.0,Arizona,Control,True
2019-09-30,2161839.0,0.0,31455.4666666667,19608.9333333333,0.0,43225.8519776553,14680.0,7060116,0.0,na,79428.0,Arizona,Control,True
2019-10-07,2379903.5833333363,19263.9466666667,0.0,0.0,47150915.7005637,42510.0755134987,15346.6666666667,7603752,13859.7936776171,na,58284.0,Arizona,Control,True
2019-10-14,2333428.0,0.0,32230.9333333333,20496.4888888889,0.0,50946.7744707207,14946.6666666667,7612762,0.0,na,28157.0,Arizona,Control,True
2019-10-21,2073683.75,20655.68,0.0,0.0,18960654.0784026,34560.0159402123,13826.6666666667,6701667,4454.15251745123,na,10644.0,Arizona,Control,True
2019-10-28,2258821.3333333363,2931.0,7516.8,2330.13333333333,0.0,46129.2347125477,15293.3333333333,7688920,0.0,na,9597.0,Arizona,Control,True
2019-11-04,2596183.75,2993.73333333333,0.0,3206.84444444444,0.0,50569.3301540683,17880.0,8815710,0.0,na,90189.0,Arizona,Control,True
2019-11-11,2629398.9166666637,0.0,0.0,0.0,42660373.2550797,0.0,0.0,9067759,12206.3586456633,na,19401.6538461538,Arizona,Control,True
2015-11-23,2478934.500000003,22358.3466666667,0.0,12728.4888888889,24301284.2375304,0.0,0.0,8125009,7607.1329148046,na,19401.6538461538,Nevada,Control,False
2015-11-30,2325849.000000003,28613.4533333333,0.0,0.0,5527033.1817753,9837.2384857852,4133.33333333333,7901549,1141.95245035415,na,14791.0,Nevada,Control,False
2015-12-07,2292648.000000003,0.0,132278.4,453.866666666667,16651591.2234904,12044.1196528263,3786.66666666667,8300197,4256.37537782657,na,14544.0,Nevada,Control,False
2015-12-14,2587698.0,83450.3066666667,0.0,17680.0,10549765.6762647,12268.0703194346,4253.33333333333,8122883,2800.49067685105,na,2800.0,Nevada,Control,False
2015-12-21,1994357.9999999972,0.0,277336.0,0.0,2934089.82625045,9467.2480229987,3613.33333333333,7105985,689.582605192027,na,15478.0,Nevada,Control,False
2015-12-28,2312929.500000003,33225.3066666667,0.0,31922.3111111111,16634027.0357604,12687.2586368544,3773.33333333333,7097237,5337.0051734019,na,13817.0,Nevada,Control,False
2016-01-04,1954356.0000000028,687.053333333333,226753.6,0.0,13715898.6058832,12096.504594859,3706.66666666667,6974368,3623.01223287033,na,28817.0,Nevada,Control,False
2016-01-11,2217718.500000003,2952.22666666667,0.0,23581.2888888889,18851563.533732,11588.3696648409,4266.66666666667,7452174,4129.8161531585,na,19082.0,Nevada,Control,False
2016-01-18,1811268.0,0.0,0.0,0.0,11910187.8796785,9341.1605005463,3053.33333333333,6703566,3623.01223287033,na,19679.0,Nevada,Control,False
2016-01-25,1565020.500000003,0.0,0.0,11243.9111111111,10620420.1845297,7023.24641526987,3053.33333333333,5535394,3002.69058507969,na,15095.0,Nevada,Control,False
2016-02-01,1595076.000000003,16511.8266666667,42477.3333333333,0.0,0.0,9341.32576660873,2746.66666666667,5480098,0.0,na,9795.0,Nevada,Control,False
2016-02-08,1628152.499999997,0.0,0.0,4763.55555555556,11416552.5179333,7107.7773245362,2693.33333333333,5872523,3564.38219778663,na,10876.0,Nevada,Control,False
2016-02-15,1757466.0,66276.44,0.0,2448.4,5063253.0082151,0.0,0.0,5822926,1448.59774023091,na,19401.6538461538,Nevada,Control,False
2016-02-22,1357024.5,0.0,0.0,0.0,0.0,0.0,0.0,5027123,0.0,na,19401.6538461538,Nevada,Control,False
2016-02-29,1359352.500000003,41556.2933333333,0.0,0.0,10819486.9089563,5355.8900395874,2293.33333333333,4561518,2415.59640398059,na,583.0,Nevada,Control,False
2016-03-07,1429956.0,0.0,0.0,16506.0888888889,0.0,9625.7947240607,2826.66666666667,4996211,0.0,na,8224.0,Nevada,Control,False
2016-03-14,1445391.0,19772.44,43994.1333333333,0.0,0.0,5688.41158754657,2373.33333333333,4938630,0.0,na,5311.0,Nevada,Control,False
2016-03-21,1220409.0,0.0,0.0,0.0,0.0,7036.81911751627,2293.33333333333,4520383,0.0,na,7428.0,Nevada,Control,False
2016-03-28,1893543.0000000028,0.0,66088.5333333333,13579.4222222223,26747226.4873481,6090.3817960061,2533.33333333333,4506918,6471.04840519463,na,10025.0,Nevada,Control,False
2016-04-04,1008751.5,0.0,0.0,0.0,1146392.7743076,4636.5521979751,1906.66666666667,3738504,20.8373114038425,na,9460.0,Nevada,Control,False
2016-04-11,1027026.0,0.0,66413.8666666667,0.0,0.0,4443.2572985456,1866.66666666667,3768926,0.0,na,2964.0,Nevada,Control,False
2016-04-18,1050192.0,11126.7333333333,0.0,0.0,9416454.7015247,5696.9077760121,1786.66666666667,3663385,2348.68785330482,na,11663.0,Nevada,Control,False
2016-04-25,799926.0000000003,0.0,0.0,0.0,0.0,4104.89140549907,1800.0,2960479,0.0,na,6317.0,Nevada,Control,False
2016-05-02,808985.9999999998,0.0,0.0,12518.5777777778,0.0,3685.01449491983,1266.66666666667,2861890,0.0,na,5408.0,Nevada,Control,False
2016-05-09,800436.0000000006,0.0,49957.8666666667,0.0,0.0,4422.71423751953,1426.66666666667,2941465,0.0,na,1900.0,Nevada,Control,False
2016-05-16,1723837.5,0.0,0.0,0.0,16918655.5894522,0.0,0.0,3039148,3673.93077397783,na,19401.6538461538,Nevada,Control,False
2016-05-23,906160.5,0.0,124442.666666667,0.0,0.0,0.0,0.0,3292482,0.0,na,19401.6538461538,Nevada,Control,False
2016-05-30,782278.5000000006,0.0,0.0,0.0,0.0,4565.78751920413,1346.66666666667,2895248,0.0,na,9003.0,Nevada,Control,False
2016-06-06,654525.0,0.0,0.0,0.0,0.0,3110.33205292188,1200.0,2427455,0.0,na,4305.0,Nevada,Control,False
2016-06-13,678357.0,0.0,0.0,0.0,0.0,4813.31436987967,1520.0,2516566,0.0,na,7217.0,Nevada,Control,False
2016-06-20,899277.0000000003,20472.3866666667,123908.266666667,0.0,11151653.5519218,4475.39512233343,1626.66666666667,3012353,2553.15584799705,na,1983.0,Nevada,Control,False
2016-06-27,761258.9999999998,0.0,0.0,0.0,0.0,3675.03050439213,1506.66666666667,2826660,0.0,na,3437.0,Nevada,Control,False
2016-07-04,1013415.000000003,10121.0133333333,0.0,5168.4,0.0,4333.65846425293,1746.66666666667,3489775,0.0,na,4147.0,Nevada,Control,False
2016-07-11,1026880.499999997,0.0,0.0,0.0,0.0,5852.91406415247,1906.66666666667,3807127,0.0,na,8479.0,Nevada,Control,False
2016-07-18,1118391.000000003,1900.41333333333,319643.2,4780.66666666667,11243290.9562371,4215.5367592699,1426.66666666667,3824504,3552.81495682237,na,6348.0,Nevada,Control,False
2016-07-25,1164134.999999997,0.0,0.0,0.0,0.0,6289.94462433427,1946.66666666667,4307032,0.0,na,13762.0,Nevada,Control,False
2016-08-01,1336358.999999997,28180.2533333333,164217.066666667,0.0,17868520.4627035,6851.71836762067,2280.0,4396674,5102.03141577443,na,11841.0,Nevada,Control,False
2016-08-08,1337128.499999997,0.0,0.0,807.777777777777,0.0,7304.35211159833,2533.33333333333,4941143,0.0,na,17162.0,Nevada,Control,False
2016-08-15,1400947.499999997,28630.68,0.0,0.0,5124647.2077109,0.0,0.0,4762083,1011.87769166753,na,19401.6538461538,Nevada,Control,False
2016-08-22,1252086.000000003,0.0,0.0,13979.7333333333,3888055.5115468,0.0,0.0,4409483,641.83938513355,na,19401.6538461538,Nevada,Control,False
2016-08-29,1816904.999999997,23991.16,159645.866666667,0.0,0.0,9151.1797858402,3080.0,6065021,0.0,na,2453.0,Nevada,Control,False
2016-09-05,1953649.5000000028,21261.84,87810.1333333333,3081.37777777777,1293290.1215575,7270.37566183133,3173.33333333333,6512777,62.7969109801743,na,3186.0,Nevada,Control,False
2016-09-12,2022903.0,0.0,160115.733333333,0.0,0.0,10132.1663115445,3333.33333333333,7311071,0.0,na,11247.0,Nevada,Control,False
2016-09-19,1972824.0000000028,0.0,32694.4,25536.6222222223,18188032.7873266,10565.8935356575,3400.0,6652807,4537.61809931117,na,15280.0,Nevada,Control,False
2016-09-26,1705691.999999997,0.0,162375.466666667,0.0,0.0,7473.37271653427,2973.33333333333,6168548,0.0,na,2886.0,Nevada,Control,False
2016-10-03,2009619.0,144536.64,121869.866666667,9813.15555555556,14226512.314223,9646.7091261875,3373.33333333333,6395275,3147.16769281009,na,14067.0,Nevada,Control,False
2016-10-10,2165431.5,0.0,0.0,10723.7777777778,15350219.0573247,12546.8289279689,3986.66666666667,7711902,3614.16669566233,na,24098.0,Nevada,Control,False
2016-10-17,2027200.5,81389.3466666667,29795.7333333333,0.0,20472630.806976,12235.0207003765,3720.0,6734048,5324.417293529,na,26550.0,Nevada,Control,False
2016-10-24,2396812.5,0.0,158912.533333333,9360.97777777777,21314180.0870472,10533.1317810342,4080.0,8356638,5865.92293671003,na,17728.0,Nevada,Control,False
2016-10-31,2677294.500000003,93994.7866666667,0.0,0.0,23921863.9786815,11553.3079938187,4893.33333333333,8937615,6407.42857989107,na,13989.0,Nevada,Control,False
2016-11-07,2543515.499999997,0.0,142602.133333333,11543.8222222222,21344437.122308,14074.6642317623,4160.0,8832206,6954.9446522006,na,29426.0,Nevada,Control,False
2016-11-14,2864610.0,52324.3866666667,0.0,0.0,17399857.3868399,0.0,0.0,9584624,5332.015383182,na,19401.6538461538,Nevada,Control,False
2016-11-21,2668227.000000003,6957.05333333333,145018.133333333,7293.06666666667,26828516.6308749,0.0,0.0,9029457,6682.09385063127,na,19401.6538461538,Nevada,Control,False
2016-11-28,2563672.5,0.0,0.0,4142.93333333333,17912251.1658841,24651.9854412569,9533.33333333333,9334174,4731.87970491727,na,27941.0,Nevada,Control,False
2016-12-05,2466144.0,14254.4,239080.533333333,0.0,7156642.01074513,21707.9959767754,8400.0,8234498,1656.46786461852,na,51273.0,Nevada,Control,False
2016-12-12,2142457.499999997,0.0,0.0,0.0,9824311.5340606,17589.6202046075,7346.66666666667,7904539,3030.36123993544,na,19606.0,Nevada,Control,False
2016-12-19,2007823.5,0.0,334920.0,0.0,4707374.89663063,15895.5947568563,6893.33333333333,7127441,1011.87769166753,na,4453.0,Nevada,Control,False
2016-12-26,3293482.5,107721.013333333,0.0,0.0,22845683.1663427,25949.8619985573,7733.33333333333,7730351,7226.54800621497,na,559.0,Nevada,Control,False
2017-01-02,2544307.499999997,41054.3466666667,453696.0,27998.1333333333,19390380.0700646,19393.2805096731,7373.33333333333,7498330,4281.21092460283,na,46507.0,Nevada,Control,False
2017-01-09,1837928.999999997,0.0,0.0,0.0,19557226.0099221,21071.32173758,7080.0,6815506,5472.97695689383,na,21771.0,Nevada,Control,False
2017-01-16,1902022.4999999972,5913.29333333333,0.0,1535.64444444444,18679824.8726728,20637.544698338,6706.66666666667,6701008,5987.71917980457,na,35351.0,Nevada,Control,False
2017-01-23,1961926.4999999972,0.0,0.0,10780.9777777778,28919354.1479856,20461.4578462089,7000.0,6998027,6502.4614027153,na,13998.0,Nevada,Control,False
2017-01-30,2133551.999999997,40244.96,0.0,0.0,20018223.3112693,22707.7042912288,7226.66666666667,7097324,4280.64390298693,na,27415.0,Nevada,Control,False
2017-02-06,1633101.000000003,0.0,0.0,0.0,0.0,14867.5892962259,5586.66666666667,6048680,0.0,na,4085.0,Nevada,Control,False
2017-02-13,1756501.499999997,0.0,127723.733333333,0.0,29401726.1744863,0.0,0.0,6290401,8260.4552206404,na,19401.6538461538,Nevada,Control,False
2017-02-20,1726414.499999997,0.0,0.0,10691.0222222222,0.0,0.0,0.0,6137639,0.0,na,19401.6538461538,Nevada,Control,False
2017-02-27,1325151.0,0.0,0.0,0.0,47563966.0789477,12513.0683056195,4506.66666666667,4802056,13900.6192339616,na,26556.0,Nevada,Control,False
2017-03-06,1330078.5,0.0,0.0,14027.7777777777,0.0,15487.6644036965,4666.66666666667,4688746,0.0,na,12272.0,Nevada,Control,False
2017-03-13,1170150.000000003,10360.88,0.0,0.0,0.0,13732.6730681545,4213.33333333333,4119318,0.0,na,25992.0,Nevada,Control,False
2017-03-20,1044184.5,0.0,0.0,19853.8222222223,0.0,9934.77283917213,3773.33333333333,3618373,0.0,na,22696.0,Nevada,Control,False
2017-03-27,1221184.500000003,0.0,24476.2666666667,0.0,10382426.8065952,15300.7433088264,4800.0,4476843,2615.86843871519,na,26404.0,Nevada,Control,False
2017-04-03,1220249.999999997,0.0,0.0,0.0,0.0,10658.6001230986,4560.0,4523389,0.0,na,1245.0,Nevada,Control,False
2017-04-10,1058640.000000003,0.0,500361.6,0.0,0.0,8488.54955499217,3666.66666666667,3711150,0.0,na,1126.0,Nevada,Control,False
2017-04-17,1759753.500000003,7469.05333333333,0.0,0.0,0.0,9083.8344655543,3546.66666666667,3057885,0.0,na,11966.0,Nevada,Control,False
2017-04-24,926935.499999997,0.0,296154.666666667,0.0,0.0,8713.82047149043,3266.66666666667,3309344,0.0,na,17897.0,Nevada,Control,False
2017-05-01,2036828.9999999972,36622.92,0.0,0.0,0.0,7393.34608460777,2600.0,2826863,0.0,na,6052.0,Nevada,Control,False
2017-05-08,732394.5000000003,0.0,306346.133333333,0.0,0.0,6175.20525562577,2680.0,2604828,0.0,na,9055.0,Nevada,Control,False
2017-05-15,792784.5000000003,0.0,0.0,0.0,0.0,0.0,0.0,2940496,0.0,na,19401.6538461538,Nevada,Control,False
2017-05-22,827266.5,0.0,41006.4,0.0,15447367.0115415,0.0,0.0,3024982,3978.53478603737,na,19401.6538461538,Nevada,Control,False
2017-05-29,743689.5000000003,0.0,0.0,7174.71111111111,0.0,6193.3643033728,2173.33333333333,2681061,0.0,na,5778.0,Nevada,Control,False
2017-06-05,750418.4999999998,9125.46666666667,42486.9333333333,0.0,12831813.9734491,6252.9041434871,2680.0,2609725,3092.05319174496,na,1988.0,Nevada,Control,False
2017-06-12,671644.5000000003,0.0,0.0,0.0,0.0,7354.08765490477,2226.66666666667,2487079,0.0,na,4794.0,Nevada,Control,False
2017-06-19,932766.000000003,36259.68,0.0,0.0,1096202.75660569,8925.86752558127,3173.33333333333,3149223,31.2705091363358,na,5180.0,Nevada,Control,False
2017-06-26,835138.5000000003,0.0,158632.0,4659.42222222223,0.0,6929.78193955497,2666.66666666667,2963072,0.0,na,1048.0,Nevada,Control,False
2017-07-03,1014248.999999997,4560.76,0.0,9573.06666666667,25039209.3945516,12648.1549625052,3786.66666666667,3485135,6650.1138314947,na,10977.0,Nevada,Control,False
2017-07-10,1065798.0,0.0,0.0,0.0,0.0,11853.19284099,3720.0,3950566,0.0,na,6813.0,Nevada,Control,False
2017-07-17,1183957.499999997,9863.8,108181.333333333,24957.5111111111,0.0,11018.8391341867,3853.33333333333,3800790,0.0,na,2361.0,Nevada,Control,False
2017-07-24,1151424.0,0.0,0.0,0.0,0.0,11562.270481512,3866.66666666667,4264348,0.0,na,15114.0,Nevada,Control,False
2017-07-31,1310230.500000003,11384.92,205440.0,1452.44444444444,0.0,12679.5185106457,4533.33333333333,4429446,0.0,na,10044.0,Nevada,Control,False
2017-08-07,1398019.5,0.0,104866.133333333,9467.24444444444,0.0,17892.0630017334,5360.0,4916984,0.0,na,8930.0,Nevada,Control,False
2017-08-14,1237369.5,34047.0533333333,0.0,0.0,0.0,0.0,0.0,4198833,0.0,na,19401.6538461538,Nevada,Control,False
2017-08-21,1773099.0,0.0,0.0,11348.1777777778,6440827.7377115,0.0,0.0,6276021,1342.67810238147,na,19401.6538461538,Nevada,Control,False
2017-08-28,2102788.500000003,117889.12,0.0,0.0,4742349.4953119,23445.0249066227,7000.0,7010039,898.926985780967,na,33712.0,Nevada,Control,False
2017-09-04,1801858.5,0.0,0.0,0.0,0.0,14936.6081894453,6493.33333333333,6679241,0.0,na,20000.0,Nevada,Control,False
2017-09-11,1824676.499999997,48869.2666666667,150164.8,4610.35555555556,2703620.81107497,15666.469342832,5586.66666666667,5890204,621.76681993082,na,2265.0,Nevada,Control,False
2017-09-18,1697913.0,0.0,0.0,0.0,0.0,18388.7564755976,6440.0,6289814,0.0,na,15924.0,Nevada,Control,False
2017-09-25,2276749.500000003,83663.84,144563.733333333,0.0,10559520.827648,24332.8536359244,7640.0,7410667,2529.00072715986,na,24336.0,Nevada,Control,False
2017-10-02,2122137.0,111304.453333333,58363.2,0.0,0.0,23226.6112532117,7346.66666666667,7799073,0.0,na,29510.0,Nevada,Control,False
2017-10-09,2703052.500000003,44637.7866666667,327236.266666667,18504.9333333333,19360866.7614647,18431.1192651512,8013.33333333333,8147766,5348.57241436617,na,15458.0,Nevada,Control,False
2017-10-16,2055316.5,0.0,0.0,0.0,14937395.7677684,24254.9436575539,7586.66666666667,7617066,4190.37406173623,na,43966.0,Nevada,Control,False
2017-10-23,2326249.500000003,44360.5066666667,46091.2,0.0,21426849.002827,23115.8437246922,7920.0,7756047,4731.87970491727,na,35016.0,Nevada,Control,False
2017-10-30,2308860.0,4645.22666666667,0.0,0.0,22344988.1413883,24376.7103916034,8466.66666666667,8307903,5273.3853480983,na,4749.0,Nevada,Control,False
2017-11-06,3066376.5,21149.0133333333,318524.266666667,23039.9111111111,13314676.7886875,26330.239038604,9826.66666666667,9283504,3552.81495682237,na,25943.0,Nevada,Control,False
2017-11-13,2522962.500000003,0.0,0.0,0.0,31890945.1695597,0.0,0.0,9355428,7600.1018467675,na,19401.6538461538,Nevada,Control,False
2017-11-20,2972839.5,55227.3333333333,105305.066666667,1346.08888888889,12195879.3518245,0.0,0.0,9662004,3279.96415525302,na,19401.6538461538,Nevada,Control,True
2017-11-27,2793368.999999997,0.0,0.0,9601.77777777777,11842611.303909,36905.9678991637,15013.3333333333,9984742,2463.79324133178,na,41469.0,Nevada,Control,True
2017-12-04,2514487.5,28923.5466666667,87842.1333333333,0.0,7493271.20796543,30409.8062367799,12733.3333333333,8430013,1656.46786461852,na,16136.0,Nevada,Control,True
2017-12-11,2034357.0000000028,0.0,0.0,0.0,10472084.5748901,27236.329063323,11120.0,7544173,3030.36123993544,na,37784.0,Nevada,Control,True
2017-12-18,2159259.000000003,63749.0533333333,91841.6,0.0,4846725.42831303,32468.9839755883,11666.6666666667,7267249,1011.87769166753,na,43251.0,Nevada,Control,True
2017-12-25,3444768.0,90415.72,0.0,15034.4444444444,23016416.0721514,30009.8933476373,10080.0,6834014,7226.54800621497,na,57523.0,Nevada,Control,True
2018-01-01,2798515.500000003,0.0,0.0,5291.68888888889,14403508.9745594,33305.9585773386,10653.3333333333,6891431,4281.21092460283,na,77617.0,Nevada,Control,True
2018-01-08,2005315.4999999972,0.0,3947.2,0.0,22268248.093474,33849.8109116647,10840.0,7355344,5472.97695689383,na,74527.0,Nevada,Control,True
2018-01-15,1982333.9999999972,39089.24,0.0,15480.6666666667,0.0,31966.3239607471,10080.0,6360391,0.0,na,10394.0,Nevada,Control,True
2018-01-22,1726463.999999997,0.0,56811.2,19347.4222222223,0.0,22464.5871201724,9226.66666666667,5937052,0.0,na,9740.0,Nevada,Control,True
2018-01-29,1676212.499999997,25169.2,0.0,0.0,0.0,25438.5119843879,8960.0,5721235,0.0,na,13533.0,Nevada,Control,True
2018-02-05,1778356.500000003,0.0,0.0,4746.8,2966401.34773465,32276.283774587,10613.3333333333,6467565,472.98034791961,na,56102.0,Nevada,Control,True
2018-02-12,1644586.499999997,9165.21333333333,54185.6,0.0,0.0,0.0,0.0,5749120,0.0,na,19401.6538461538,Nevada,Control,True
2018-02-19,1490641.499999997,0.0,0.0,6311.42222222223,0.0,0.0,0.0,5389739,0.0,na,19401.6538461538,Nevada,Control,True
2018-02-26,1533411.0,12356.1066666667,56171.2,10002.8,0.0,25169.620752354,7413.33333333333,5114017,0.0,na,19325.0,Nevada,Control,True
2018-03-05,1339303.5,0.0,0.0,0.0,0.0,22794.6813986792,7360.0,4961257,0.0,na,18078.0,Nevada,Control,True
2018-03-12,1554597.0,53120.2533333333,90604.2666666667,20486.8,0.0,18269.5785913151,7080.0,4823884,0.0,na,8711.0,Nevada,Control,True
2018-03-19,1087422.000000003,0.0,0.0,0.0,0.0,17809.8977351639,5960.0,4036244,0.0,na,12979.0,Nevada,Control,True
2018-03-26,1250064.0,19743.84,81915.2,2989.15555555556,0.0,14740.790069662,6333.33333333333,4191403,0.0,na,23910.0,Nevada,Control,True
2018-04-02,2167498.500000003,0.0,0.0,0.0,0.0,18466.6799358092,5520.0,3583995,0.0,na,10567.0,Nevada,Control,True
2018-04-09,1018549.500000003,0.0,11257.6,0.0,0.0,18498.1205239543,5973.33333333333,3771321,0.0,na,41329.0,Nevada,Control,True
2018-04-16,855013.5,0.0,0.0,0.0,7003770.76001093,16808.5217532585,4973.33333333333,3167512,2113.26047838464,na,21616.0,Nevada,Control,True
2018-04-23,721168.4999999998,0.0,158353.6,0.0,0.0,12274.6903112624,3693.33333333333,2604407,0.0,na,2529.0,Nevada,Control,True
2018-04-30,701854.5000000006,0.0,0.0,0.0,48661981.684228,9551.54238995163,3173.33333333333,2549137,12800.5972991227,na,6836.0,Nevada,Control,True
2018-05-07,800592.0000000003,0.0,59674.1333333333,0.0,0.0,15194.0923128355,4720.0,2937422,0.0,na,330.0,Nevada,Control,True
2018-05-14,776565.0,0.0,0.0,6803.64444444444,48377013.2836087,0.0,0.0,2752045,13040.4474426468,na,19401.6538461538,Nevada,Control,True
2018-05-21,2341441.500000003,947.106666666667,26288.5333333333,0.0,0.0,0.0,0.0,3080867,0.0,event1,19401.6538461538,Nevada,Control,True
2018-05-28,814507.5000000006,0.0,0.0,4205.42222222223,4956890.74600197,12663.5104559052,4640.0,2957153,1009.04258358804,na,28568.0,Nevada,Control,True
2018-06-04,819496.5000000003,0.0,0.0,0.0,0.0,16079.2886873397,4720.0,3035519,0.0,na,26708.0,Nevada,Control,True
2018-06-11,831467.9999999998,8314.68,0.0,5424.66666666667,0.0,10628.7399063469,4533.33333333333,2885659,0.0,na,7675.0,Nevada,Control,True
2018-06-18,884178.0,0.0,17462.9333333333,0.0,0.0,16028.6312039942,5413.33333333333,3263336,0.0,na,23355.0,Nevada,Control,True
2018-06-25,951130.500000003,0.0,0.0,10384.1333333333,13068806.1919231,13249.2323365062,5160.0,3369140,3756.94273854507,na,16989.0,Nevada,Control,True
2018-07-02,839094.0000000003,14621.9466666667,168101.333333333,0.0,0.0,10623.452379865,3933.33333333333,2839892,0.0,na,14653.0,Nevada,Control,True
2018-07-09,1013599.500000003,0.0,0.0,11487.9111111111,34236690.5818597,14455.8407581877,5186.66666666667,3555964,8079.80213381583,na,15143.0,Nevada,Control,True
2018-07-16,1026006.000000003,8855.78666666667,59517.8666666667,0.0,0.0,15286.7098639836,5146.66666666667,3590008,0.0,na,9013.0,Nevada,Control,True
2018-07-23,1331372.999999997,9728.89333333333,0.0,5172.66666666667,0.0,15790.12289724,6920.0,4606123,0.0,na,22477.0,Nevada,Control,True
2018-07-30,1482473.999999997,0.0,0.0,0.0,0.0,25944.3325242028,7746.66666666667,5494567,0.0,na,8906.0,Nevada,Control,True
2018-08-06,1808530.499999997,13041.4933333333,92574.4,7200.13333333333,0.0,25628.492183603,8773.33333333333,6045317,0.0,na,59318.0,Nevada,Control,True
2018-08-13,1371098.999999997,0.0,0.0,0.0,18207358.6991848,0.0,0.0,5035305,4450.75038775587,na,19401.6538461538,Nevada,Control,True
2018-08-20,1278106.499999997,61563.12,106432.0,0.0,0.0,0.0,0.0,4208615,0.0,na,19401.6538461538,Nevada,Control,True
2018-08-27,1506196.500000003,0.0,0.0,0.0,14621474.4848198,27411.1748394789,8586.66666666667,5541654,4508.4731882541,na,48020.0,Nevada,Control,True
2018-09-03,1854982.500000003,11661.4133333333,68213.3333333333,772.444444444444,0.0,31195.6951985757,9733.33333333333,6397383,0.0,na,70855.0,Nevada,Control,True
2018-09-10,1929699.0,0.0,0.0,536.0,0.0,30301.0171558242,10506.6666666667,7137648,0.0,na,46225.0,Nevada,Control,True
2018-09-17,1852787.999999997,0.0,46120.5333333333,9685.06666666667,13801981.7807277,31338.5629591066,9360.0,6541298,3402.89444157937,na,74995.0,Nevada,Control,True
2018-09-24,1987510.5,887.933333333333,29320.0,0.0,0.0,32265.167943233,10893.3333333333,7283453,0.0,na,1047.0,Nevada,Control,True
2018-10-01,2342707.499999997,156703.44,26227.2,2698.44444444444,3798040.60699257,35375.6649126843,12346.6666666667,7884994,916.844868843293,na,34469.0,Nevada,Control,True
2018-10-08,2081873.9999999972,0.0,0.0,2589.82222222223,6774055.54593603,36422.3840879897,11493.3333333333,7610669,2015.84616477365,na,22232.0,Nevada,Control,True
2018-10-15,2531796.000000003,44489.52,63107.2,1039.11111111111,11921024.3416382,30446.7250425369,12760.0,8364119,2442.58663289726,na,49409.0,Nevada,Control,True
2018-10-22,2398599.0,0.0,0.0,0.0,0.0,32520.1884579534,13493.3333333333,8898789,0.0,na,49575.0,Nevada,Control,True
2018-10-29,2653087.5,25289.9733333333,0.0,2128.13333333333,30516389.5964373,40913.5492475043,13800.0,8887808,7931.80949206687,na,42276.0,Nevada,Control,True
2018-11-05,2492047.500000003,0.0,145392.0,1455.51111111111,0.0,39521.572610573,14053.3333333333,8982377,0.0,na,25332.0,Nevada,Control,True
2018-11-12,2399616.0,57350.92,0.0,0.0,39020754.6023527,0.0,0.0,7958631,8728.47486240127,na,19401.6538461538,Nevada,Control,True
2018-11-19,2303595.0,0.0,47053.3333333333,0.0,0.0,0.0,0.0,8467716,0.0,na,19401.6538461538,Nevada,Control,True
2018-11-26,2388390.000000003,53525.2,0.0,15129.4666666667,21917216.9573501,52188.1282144227,16000.0,7536793,7003.5951068445,na,301.0,Nevada,Control,True
2018-12-03,1930232.9999999972,0.0,53558.9333333333,0.0,0.0,38041.1715080263,13986.6666666667,7097277,0.0,na,34832.0,Nevada,Control,True
2018-12-10,2206513.500000003,0.0,0.0,6282.66666666667,0.0,50607.6691067817,15773.3333333333,7989344,0.0,na,68792.0,Nevada,Control,True
2018-12-17,2222538.000000003,0.0,15363.7333333333,0.0,0.0,38023.9761183813,15546.6666666667,8215719,0.0,na,37199.0,Nevada,Control,True
2018-12-24,2887335.0,158046.573333333,0.0,7451.95555555556,32200517.8011506,50134.327502801,17146.6666666667,8125604,9068.00740600003,na,80865.0,Nevada,Control,True
2018-12-31,2472166.500000003,51379.9066666667,0.0,0.0,0.0,34878.1585539847,14493.3333333333,7314043,0.0,na,54011.0,Nevada,Control,True
2019-01-07,2309548.5,0.0,329.6,903.6,6605940.80092233,40333.8662960333,17026.6666666667,8498273,1475.81477779394,na,96236.0,Nevada,Control,True
2019-01-14,2299345.499999997,11583.9733333333,0.0,735.111111111111,0.0,37302.7862754223,16293.3333333333,8027598,0.0,na,80627.0,Nevada,Control,True
2019-01-21,1763736.000000003,0.0,27275.2,2920.22222222223,10381943.6071373,39059.296134673,13813.3333333333,6399576,2861.5022027215,na,629.0,Nevada,Control,True
2019-01-28,2182038.000000003,31676.4,0.0,0.0,0.0,39410.367500875,15200.0,7415825,0.0,na,19984.0,Nevada,Control,True
2019-02-04,1757754.0,0.0,0.0,4272.04444444444,0.0,47333.0483192967,13920.0,6396016,0.0,na,55736.0,Nevada,Control,True
2019-02-11,1878241.5,12722.84,0.0,1191.91111111111,8001487.21526073,0.0,0.0,6492811,2110.31196598198,na,19401.6538461538,Nevada,Control,True
2019-02-18,1508235.000000003,0.0,0.0,501.688888888889,0.0,0.0,0.0,5588194,0.0,na,19401.6538461538,Nevada,Control,True
2019-02-25,1778771.999999997,18120.96,30883.2,645.822222222223,510985.60009893,29510.1313617895,12186.6666666667,6078682,0.0,na,46243.0,Nevada,Control,True
2019-03-04,1332684.0,0.0,0.0,0.0,0.0,24697.386567737,9946.66666666667,4933396,0.0,na,36979.0,Nevada,Control,True
2019-03-11,1282950.0,5490.32,0.0,0.0,0.0,27353.2611552316,9040.0,4597321,0.0,na,23990.0,Nevada,Control,True
2019-03-18,1041174.0,0.0,0.0,0.0,27726469.9209919,18417.3058389686,7160.0,3818999,6120.74245089387,na,16046.0,Nevada,Control,True
2019-03-25,1127007.0,3483.38666666667,5765.33333333333,0.0,0.0,23635.3469101091,7973.33333333333,4083211,0.0,na,28980.0,Nevada,Control,True
2019-04-01,1088435.999999997,0.0,0.0,0.0,11831373.4167825,24629.4621754088,7880.0,4017170,3308.65544901738,na,7453.0,Nevada,Control,True
2019-04-08,1065421.500000003,47889.8133333333,2057.06666666667,0.0,0.0,22474.9158679508,7453.33333333333,3588301,0.0,na,37507.0,Nevada,Control,True
2019-04-15,826733.9999999998,0.0,0.0,2996.22222222223,0.0,21748.748582943,6400.0,3026520,0.0,na,43718.0,Nevada,Control,True
2019-04-22,2073235.5,4878.4,0.0,0.0,6453814.57751617,17160.486630913,6266.66666666667,3140648,1596.9305949494,event2,1167.0,Nevada,Control,True
2019-04-29,801607.5,0.0,0.0,12465.9111111111,10562526.3373281,18600.2945169807,5626.66666666667,2828444,2513.12412191477,na,1546.0,Nevada,Control,True
2019-05-06,890922.0000000006,3695.89333333333,0.0,0.0,0.0,18702.8228417039,7280.0,3221944,0.0,na,34861.0,Nevada,Control,True
2019-05-13,824212.5000000003,0.0,0.0,2123.73333333333,21735746.9416065,0.0,0.0,2992910,6455.05839562637,na,19401.6538461538,Nevada,Control,True
2019-05-20,671584.5,29240.3866666667,5769.06666666667,3789.55555555556,0.0,0.0,0.0,2251073,0.0,na,19401.6538461538,Nevada,Control,True
2019-05-27,651406.5,0.0,3667.73333333333,0.0,0.0,13374.6984256237,5213.33333333333,2412562,0.0,na,21000.0,Nevada,Control,True
2019-06-03,812812.5,0.0,0.0,1391.91111111111,0.0,18279.8967874842,6200.0,2989592,0.0,na,19903.0,Nevada,Control,True
2019-06-10,605025.0,0.0,0.0,0.0,1303102.87249779,10167.5638429433,4146.66666666667,2240235,49.528605168199,na,8031.0,Nevada,Control,True
2019-06-17,665805.0000000006,0.0,0.0,0.0,0.0,12051.5514267609,4813.33333333333,2467712,0.0,na,20173.0,Nevada,Control,True
2019-06-24,748650.0000000006,6160.48,0.0,0.0,0.0,16141.2873046473,4933.33333333333,2672133,0.0,na,26938.0,Nevada,Control,True
2019-07-01,845907.0000000003,0.0,0.0,0.0,0.0,16051.0127298767,6386.66666666667,3132194,0.0,na,8713.0,Nevada,Control,True
2019-07-08,851859.0,5270.36,0.0,0.0,0.0,15111.7409414301,6133.33333333333,3060018,0.0,na,17384.0,Nevada,Control,True
2019-07-15,957521.999999997,0.0,66465.0666666667,0.0,0.0,25572.1556008095,7720.0,3505139,0.0,na,4153.0,Nevada,Control,True
2019-07-22,1150400.999999997,12049.5066666667,0.0,0.0,9985410.35203357,25782.638883063,8520.0,4004072,2860.14135084335,na,25861.0,Nevada,Control,True
2019-07-29,1350745.499999997,0.0,38432.5333333333,0.0,0.0,25109.025698974,9520.0,4982078,0.0,na,1820.0,Nevada,Control,True
2019-08-05,1658806.499999997,13009.9733333333,0.0,0.0,59432757.6381927,34772.6446345877,10813.3333333333,5672763,15400.3914080076,na,40473.0,Nevada,Control,True
2019-08-12,1299395.999999997,0.0,33946.6666666667,0.0,0.0,0.0,0.0,4783227,0.0,na,19401.6538461538,Nevada,Control,True
2019-08-19,1257691.5,0.0,0.0,3220.26666666667,32772018.1982201,0.0,0.0,4520254,9744.91781105713,na,19401.6538461538,Nevada,Control,True
2019-08-26,1737371.999999997,0.0,38522.1333333333,0.0,0.0,37858.4673788283,12986.6666666667,6397749,0.0,na,48083.0,Nevada,Control,True
2019-09-02,1896271.4999999972,226.413333333333,0.0,13731.1555555556,13581799.2530786,39232.5917333713,12800.0,6637702,4037.9586513833,na,34061.0,Nevada,Control,True
2019-09-09,2010382.4999999972,49267.8,4244.8,0.0,0.0,45976.5561046157,13760.0,6774864,0.0,na,31325.0,Nevada,Control,True
2019-09-16,2317633.499999997,0.0,11461.8666666667,14604.3111111111,6328270.5669119,51907.6621149743,16093.3333333333,8116568,1330.88405277083,na,70417.0,Nevada,Control,True
2019-09-23,2259856.500000003,27816.9466666667,0.0,0.0,0.0,48537.5137808267,15426.6666666667,7702931,0.0,na,50905.0,Nevada,Control,True
2019-09-30,2048058.0,0.0,31455.4666666667,19608.9333333333,0.0,43225.8519776553,14680.0,7060116,0.0,na,79428.0,Nevada,Control,True
2019-10-07,2254645.500000003,19263.9466666667,0.0,0.0,47150915.7005637,42510.0755134987,15346.6666666667,7603752,13859.7936776171,na,58284.0,Nevada,Control,True
2019-10-14,2210616.0,0.0,32230.9333333333,20496.4888888889,0.0,50946.7744707207,14946.6666666667,7612762,0.0,na,28157.0,Nevada,Control,True
2019-10-21,1964542.5,20655.68,0.0,0.0,18960654.0784026,34560.0159402123,13826.6666666667,6701667,4454.15251745123,na,10644.0,Nevada,Control,True
2019-10-28,2139936.000000003,2931.0,7516.8,2330.13333333333,0.0,46129.2347125477,15293.3333333333,7688920,0.0,na,9597.0,Nevada,Control,True
2019-11-04,2459542.5,2993.73333333333,0.0,3206.84444444444,0.0,50569.3301540683,17880.0,8815710,0.0,na,90189.0,Nevada,Control,True
2019-11-11,2491009.499999997,0.0,0.0,0.0,42660373.2550797,0.0,0.0,9067759,12206.3586456633,na,19401.6538461538,Nevada,Control,True
2015-11-23,2892090.2500000033,22358.3466666667,0.0,12728.4888888889,24301284.2375304,0.0,0.0,8125009,7607.1329148046,na,19401.6538461538,Colorado,Control,False
2015-11-30,2713490.5000000033,28613.4533333333,0.0,0.0,5527033.1817753,9837.2384857852,4133.33333333333,7901549,1141.95245035415,na,14791.0,Colorado,Control,False
2015-12-07,2674756.0000000033,0.0,132278.4,453.866666666667,16651591.2234904,12044.1196528263,3786.66666666667,8300197,4256.37537782657,na,14544.0,Colorado,Control,False
2015-12-14,3018981.0,83450.3066666667,0.0,17680.0,10549765.6762647,12268.0703194346,4253.33333333333,8122883,2800.49067685105,na,2800.0,Colorado,Control,False
2015-12-21,2326750.9999999967,0.0,277336.0,0.0,2934089.82625045,9467.2480229987,3613.33333333333,7105985,689.582605192027,na,15478.0,Colorado,Control,False
2015-12-28,2698417.7500000033,33225.3066666667,0.0,31922.3111111111,16634027.0357604,12687.2586368544,3773.33333333333,7097237,5337.0051734019,na,13817.0,Colorado,Control,False
2016-01-04,2280082.0000000033,687.053333333333,226753.6,0.0,13715898.6058832,12096.504594859,3706.66666666667,6974368,3623.01223287033,na,28817.0,Colorado,Control,False
2016-01-11,2587338.2500000033,2952.22666666667,0.0,23581.2888888889,18851563.533732,11588.3696648409,4266.66666666667,7452174,4129.8161531585,na,19082.0,Colorado,Control,False
2016-01-18,2113146.0,0.0,0.0,0.0,11910187.8796785,9341.1605005463,3053.33333333333,6703566,3623.01223287033,na,19679.0,Colorado,Control,False
2016-01-25,1825857.2500000035,0.0,0.0,11243.9111111111,10620420.1845297,7023.24641526987,3053.33333333333,5535394,3002.69058507969,na,15095.0,Colorado,Control,False
2016-02-01,1860922.0000000035,16511.8266666667,42477.3333333333,0.0,0.0,9341.32576660873,2746.66666666667,5480098,0.0,na,9795.0,Colorado,Control,False
2016-02-08,1899511.2499999965,0.0,0.0,4763.55555555556,11416552.5179333,7107.7773245362,2693.33333333333,5872523,3564.38219778663,na,10876.0,Colorado,Control,False
2016-02-15,2050377.0,66276.44,0.0,2448.4,5063253.0082151,0.0,0.0,5822926,1448.59774023091,na,19401.6538461538,Colorado,Control,False
2016-02-22,1583195.25,0.0,0.0,0.0,0.0,0.0,0.0,5027123,0.0,na,19401.6538461538,Colorado,Control,False
2016-02-29,1585911.2500000035,41556.2933333333,0.0,0.0,10819486.9089563,5355.8900395874,2293.33333333333,4561518,2415.59640398059,na,583.0,Colorado,Control,False
2016-03-07,1668282.0,0.0,0.0,16506.0888888889,0.0,9625.7947240607,2826.66666666667,4996211,0.0,na,8224.0,Colorado,Control,False
2016-03-14,1686289.5,19772.44,43994.1333333333,0.0,0.0,5688.41158754657,2373.33333333333,4938630,0.0,na,5311.0,Colorado,Control,False
2016-03-21,1423810.5,0.0,0.0,0.0,0.0,7036.81911751627,2293.33333333333,4520383,0.0,na,7428.0,Colorado,Control,False
2016-03-28,2209133.5000000033,0.0,66088.5333333333,13579.4222222223,26747226.4873481,6090.3817960061,2533.33333333333,4506918,6471.04840519463,na,10025.0,Colorado,Control,False
2016-04-04,1176876.75,0.0,0.0,0.0,1146392.7743076,4636.5521979751,1906.66666666667,3738504,20.8373114038425,na,9460.0,Colorado,Control,False
2016-04-11,1198197.0,0.0,66413.8666666667,0.0,0.0,4443.2572985456,1866.66666666667,3768926,0.0,na,2964.0,Colorado,Control,False
2016-04-18,1225224.0,11126.7333333333,0.0,0.0,9416454.7015247,5696.9077760121,1786.66666666667,3663385,2348.68785330482,na,11663.0,Colorado,Control,False
2016-04-25,933247.0000000003,0.0,0.0,0.0,0.0,4104.89140549907,1800.0,2960479,0.0,na,6317.0,Colorado,Control,False
2016-05-02,943816.9999999998,0.0,0.0,12518.5777777778,0.0,3685.01449491983,1266.66666666667,2861890,0.0,na,5408.0,Colorado,Control,False
2016-05-09,933842.0000000007,0.0,49957.8666666667,0.0,0.0,4422.71423751953,1426.66666666667,2941465,0.0,na,1900.0,Colorado,Control,False
2016-05-16,2011143.75,0.0,0.0,0.0,16918655.5894522,0.0,0.0,3039148,3673.93077397783,na,19401.6538461538,Colorado,Control,False
2016-05-23,1057187.25,0.0,124442.666666667,0.0,0.0,0.0,0.0,3292482,0.0,na,19401.6538461538,Colorado,Control,False
2016-05-30,912658.2500000007,0.0,0.0,0.0,0.0,4565.78751920413,1346.66666666667,2895248,0.0,na,9003.0,Colorado,Control,False
2016-06-06,763612.5,0.0,0.0,0.0,0.0,3110.33205292188,1200.0,2427455,0.0,na,4305.0,Colorado,Control,False
2016-06-13,791416.5,0.0,0.0,0.0,0.0,4813.31436987967,1520.0,2516566,0.0,na,7217.0,Colorado,Control,False
2016-06-20,1049156.5000000005,20472.3866666667,123908.266666667,0.0,11151653.5519218,4475.39512233343,1626.66666666667,3012353,2553.15584799705,na,1983.0,Colorado,Control,False
2016-06-27,888135.4999999998,0.0,0.0,0.0,0.0,3675.03050439213,1506.66666666667,2826660,0.0,na,3437.0,Colorado,Control,False
2016-07-04,1182317.5000000035,10121.0133333333,0.0,5168.4,0.0,4333.65846425293,1746.66666666667,3489775,0.0,na,4147.0,Colorado,Control,False
2016-07-11,1198027.2499999965,0.0,0.0,0.0,0.0,5852.91406415247,1906.66666666667,3807127,0.0,na,8479.0,Colorado,Control,False
2016-07-18,1304789.5000000035,1900.41333333333,319643.2,4780.66666666667,11243290.9562371,4215.5367592699,1426.66666666667,3824504,3552.81495682237,na,6348.0,Colorado,Control,False
2016-07-25,1358157.4999999965,0.0,0.0,0.0,0.0,6289.94462433427,1946.66666666667,4307032,0.0,na,13762.0,Colorado,Control,False
2016-08-01,1559085.4999999965,28180.2533333333,164217.066666667,0.0,17868520.4627035,6851.71836762067,2280.0,4396674,5102.03141577443,na,11841.0,Colorado,Control,False
2016-08-08,1559983.2499999965,0.0,0.0,807.777777777777,0.0,7304.35211159833,2533.33333333333,4941143,0.0,na,17162.0,Colorado,Control,False
2016-08-15,1634438.7499999965,28630.68,0.0,0.0,5124647.2077109,0.0,0.0,4762083,1011.87769166753,na,19401.6538461538,Colorado,Control,False
2016-08-22,1460767.0000000035,0.0,0.0,13979.7333333333,3888055.5115468,0.0,0.0,4409483,641.83938513355,na,19401.6538461538,Colorado,Control,False
2016-08-29,2119722.4999999967,23991.16,159645.866666667,0.0,0.0,9151.1797858402,3080.0,6065021,0.0,na,2453.0,Colorado,Control,False
2016-09-05,2279257.7500000033,21261.84,87810.1333333333,3081.37777777777,1293290.1215575,7270.37566183133,3173.33333333333,6512777,62.7969109801743,na,3186.0,Colorado,Control,False
2016-09-12,2360053.5,0.0,160115.733333333,0.0,0.0,10132.1663115445,3333.33333333333,7311071,0.0,na,11247.0,Colorado,Control,False
2016-09-19,2301628.0000000033,0.0,32694.4,25536.6222222223,18188032.7873266,10565.8935356575,3400.0,6652807,4537.61809931117,na,15280.0,Colorado,Control,False
2016-09-26,1989973.9999999965,0.0,162375.466666667,0.0,0.0,7473.37271653427,2973.33333333333,6168548,0.0,na,2886.0,Colorado,Control,False
2016-10-03,2344555.5,144536.64,121869.866666667,9813.15555555556,14226512.314223,9646.7091261875,3373.33333333333,6395275,3147.16769281009,na,14067.0,Colorado,Control,False
2016-10-10,2526336.75,0.0,0.0,10723.7777777778,15350219.0573247,12546.8289279689,3986.66666666667,7711902,3614.16669566233,na,24098.0,Colorado,Control,False
2016-10-17,2365067.25,81389.3466666667,29795.7333333333,0.0,20472630.806976,12235.0207003765,3720.0,6734048,5324.417293529,na,26550.0,Colorado,Control,False
2016-10-24,2796281.25,0.0,158912.533333333,9360.97777777777,21314180.0870472,10533.1317810342,4080.0,8356638,5865.92293671003,na,17728.0,Colorado,Control,False
2016-10-31,3123510.2500000033,93994.7866666667,0.0,0.0,23921863.9786815,11553.3079938187,4893.33333333333,8937615,6407.42857989107,na,13989.0,Colorado,Control,False
2016-11-07,2967434.7499999967,0.0,142602.133333333,11543.8222222222,21344437.122308,14074.6642317623,4160.0,8832206,6954.9446522006,na,29426.0,Colorado,Control,False
2016-11-14,3342045.0,52324.3866666667,0.0,0.0,17399857.3868399,0.0,0.0,9584624,5332.015383182,na,19401.6538461538,Colorado,Control,False
2016-11-21,3112931.5000000033,6957.05333333333,145018.133333333,7293.06666666667,26828516.6308749,0.0,0.0,9029457,6682.09385063127,na,19401.6538461538,Colorado,Control,False
2016-11-28,2990951.25,0.0,0.0,4142.93333333333,17912251.1658841,24651.9854412569,9533.33333333333,9334174,4731.87970491727,na,27941.0,Colorado,Control,False
2016-12-05,2877168.0,14254.4,239080.533333333,0.0,7156642.01074513,21707.9959767754,8400.0,8234498,1656.46786461852,na,51273.0,Colorado,Control,False
2016-12-12,2499533.7499999967,0.0,0.0,0.0,9824311.5340606,17589.6202046075,7346.66666666667,7904539,3030.36123993544,na,19606.0,Colorado,Control,False
2016-12-19,2342460.75,0.0,334920.0,0.0,4707374.89663063,15895.5947568563,6893.33333333333,7127441,1011.87769166753,na,4453.0,Colorado,Control,False
2016-12-26,3842396.25,107721.013333333,0.0,0.0,22845683.1663427,25949.8619985573,7733.33333333333,7730351,7226.54800621497,na,559.0,Colorado,Control,False
2017-01-02,2968358.7499999967,41054.3466666667,453696.0,27998.1333333333,19390380.0700646,19393.2805096731,7373.33333333333,7498330,4281.21092460283,na,46507.0,Colorado,Control,False
2017-01-09,2144250.4999999967,0.0,0.0,0.0,19557226.0099221,21071.32173758,7080.0,6815506,5472.97695689383,na,21771.0,Colorado,Control,False
2017-01-16,2219026.2499999967,5913.29333333333,0.0,1535.64444444444,18679824.8726728,20637.544698338,6706.66666666667,6701008,5987.71917980457,na,35351.0,Colorado,Control,False
2017-01-23,2288914.2499999967,0.0,0.0,10780.9777777778,28919354.1479856,20461.4578462089,7000.0,6998027,6502.4614027153,na,13998.0,Colorado,Control,False
2017-01-30,2489143.9999999967,40244.96,0.0,0.0,20018223.3112693,22707.7042912288,7226.66666666667,7097324,4280.64390298693,na,27415.0,Colorado,Control,False
2017-02-06,1905284.5000000035,0.0,0.0,0.0,0.0,14867.5892962259,5586.66666666667,6048680,0.0,na,4085.0,Colorado,Control,False
2017-02-13,2049251.7499999965,0.0,127723.733333333,0.0,29401726.1744863,0.0,0.0,6290401,8260.4552206404,na,19401.6538461538,Colorado,Control,False
2017-02-20,2014150.2499999965,0.0,0.0,10691.0222222222,0.0,0.0,0.0,6137639,0.0,na,19401.6538461538,Colorado,Control,False
2017-02-27,1546009.5,0.0,0.0,0.0,47563966.0789477,12513.0683056195,4506.66666666667,4802056,13900.6192339616,na,26556.0,Colorado,Control,False
2017-03-06,1551758.25,0.0,0.0,14027.7777777777,0.0,15487.6644036965,4666.66666666667,4688746,0.0,na,12272.0,Colorado,Control,False
2017-03-13,1365175.0000000035,10360.88,0.0,0.0,0.0,13732.6730681545,4213.33333333333,4119318,0.0,na,25992.0,Colorado,Control,False
2017-03-20,1218215.25,0.0,0.0,19853.8222222223,0.0,9934.77283917213,3773.33333333333,3618373,0.0,na,22696.0,Colorado,Control,False
2017-03-27,1424715.2500000035,0.0,24476.2666666667,0.0,10382426.8065952,15300.7433088264,4800.0,4476843,2615.86843871519,na,26404.0,Colorado,Control,False
2017-04-03,1423624.9999999965,0.0,0.0,0.0,0.0,10658.6001230986,4560.0,4523389,0.0,na,1245.0,Colorado,Control,False
2017-04-10,1235080.0000000035,0.0,500361.6,0.0,0.0,8488.54955499217,3666.66666666667,3711150,0.0,na,1126.0,Colorado,Control,False
2017-04-17,2053045.7500000035,7469.05333333333,0.0,0.0,0.0,9083.8344655543,3546.66666666667,3057885,0.0,na,11966.0,Colorado,Control,False
2017-04-24,1081424.7499999965,0.0,296154.666666667,0.0,0.0,8713.82047149043,3266.66666666667,3309344,0.0,na,17897.0,Colorado,Control,False
2017-05-01,2376300.4999999967,36622.92,0.0,0.0,0.0,7393.34608460777,2600.0,2826863,0.0,na,6052.0,Colorado,Control,False
2017-05-08,854460.2500000003,0.0,306346.133333333,0.0,0.0,6175.20525562577,2680.0,2604828,0.0,na,9055.0,Colorado,Control,False
2017-05-15,924915.2500000003,0.0,0.0,0.0,0.0,0.0,0.0,2940496,0.0,na,19401.6538461538,Colorado,Control,False
2017-05-22,965144.25,0.0,41006.4,0.0,15447367.0115415,0.0,0.0,3024982,3978.53478603737,na,19401.6538461538,Colorado,Control,False
2017-05-29,867637.7500000003,0.0,0.0,7174.71111111111,0.0,6193.3643033728,2173.33333333333,2681061,0.0,na,5778.0,Colorado,Control,False
2017-06-05,875488.2499999998,9125.46666666667,42486.9333333333,0.0,12831813.9734491,6252.9041434871,2680.0,2609725,3092.05319174496,na,1988.0,Colorado,Control,False
2017-06-12,783585.2500000003,0.0,0.0,0.0,0.0,7354.08765490477,2226.66666666667,2487079,0.0,na,4794.0,Colorado,Control,False
2017-06-19,1088227.0000000035,36259.68,0.0,0.0,1096202.75660569,8925.86752558127,3173.33333333333,3149223,31.2705091363358,na,5180.0,Colorado,Control,False
2017-06-26,974328.2500000003,0.0,158632.0,4659.42222222223,0.0,6929.78193955497,2666.66666666667,2963072,0.0,na,1048.0,Colorado,Control,False
2017-07-03,1183290.4999999965,4560.76,0.0,9573.06666666667,25039209.3945516,12648.1549625052,3786.66666666667,3485135,6650.1138314947,na,10977.0,Colorado,Control,False
2017-07-10,1243431.0,0.0,0.0,0.0,0.0,11853.19284099,3720.0,3950566,0.0,na,6813.0,Colorado,Control,False
2017-07-17,1381283.7499999965,9863.8,108181.333333333,24957.5111111111,0.0,11018.8391341867,3853.33333333333,3800790,0.0,na,2361.0,Colorado,Control,False
2017-07-24,1343328.0,0.0,0.0,0.0,0.0,11562.270481512,3866.66666666667,4264348,0.0,na,15114.0,Colorado,Control,False
2017-07-31,1528602.2500000035,11384.92,205440.0,1452.44444444444,0.0,12679.5185106457,4533.33333333333,4429446,0.0,na,10044.0,Colorado,Control,False
2017-08-07,1631022.75,0.0,104866.133333333,9467.24444444444,0.0,17892.0630017334,5360.0,4916984,0.0,na,8930.0,Colorado,Control,False
2017-08-14,1443597.75,34047.0533333333,0.0,0.0,0.0,0.0,0.0,4198833,0.0,na,19401.6538461538,Colorado,Control,False
2017-08-21,2068615.5,0.0,0.0,11348.1777777778,6440827.7377115,0.0,0.0,6276021,1342.67810238147,na,19401.6538461538,Colorado,Control,False
2017-08-28,2453253.2500000033,117889.12,0.0,0.0,4742349.4953119,23445.0249066227,7000.0,7010039,898.926985780967,na,33712.0,Colorado,Control,False
2017-09-04,2102168.25,0.0,0.0,0.0,0.0,14936.6081894453,6493.33333333333,6679241,0.0,na,20000.0,Colorado,Control,False
2017-09-11,2128789.2499999967,48869.2666666667,150164.8,4610.35555555556,2703620.81107497,15666.469342832,5586.66666666667,5890204,621.76681993082,na,2265.0,Colorado,Control,False
2017-09-18,1980898.5,0.0,0.0,0.0,0.0,18388.7564755976,6440.0,6289814,0.0,na,15924.0,Colorado,Control,False
2017-09-25,2656207.7500000033,83663.84,144563.733333333,0.0,10559520.827648,24332.8536359244,7640.0,7410667,2529.00072715986,na,24336.0,Colorado,Control,False
2017-10-02,2475826.5,111304.453333333,58363.2,0.0,0.0,23226.6112532117,7346.66666666667,7799073,0.0,na,29510.0,Colorado,Control,False
2017-10-09,3153561.2500000033,44637.7866666667,327236.266666667,18504.9333333333,19360866.7614647,18431.1192651512,8013.33333333333,8147766,5348.57241436617,na,15458.0,Colorado,Control,False
2017-10-16,2397869.25,0.0,0.0,0.0,14937395.7677684,24254.9436575539,7586.66666666667,7617066,4190.37406173623,na,43966.0,Colorado,Control,False
2017-10-23,2713957.7500000033,44360.5066666667,46091.2,0.0,21426849.002827,23115.8437246922,7920.0,7756047,4731.87970491727,na,35016.0,Colorado,Control,False
2017-10-30,2693670.0,4645.22666666667,0.0,0.0,22344988.1413883,24376.7103916034,8466.66666666667,8307903,5273.3853480983,na,4749.0,Colorado,Control,False
2017-11-06,3577439.25,21149.0133333333,318524.266666667,23039.9111111111,13314676.7886875,26330.239038604,9826.66666666667,9283504,3552.81495682237,na,25943.0,Colorado,Control,False
2017-11-13,2943456.2500000033,0.0,0.0,0.0,31890945.1695597,0.0,0.0,9355428,7600.1018467675,na,19401.6538461538,Colorado,Control,False
2017-11-20,3468312.75,55227.3333333333,105305.066666667,1346.08888888889,12195879.3518245,0.0,0.0,9662004,3279.96415525302,na,19401.6538461538,Colorado,Control,True
2017-11-27,3258930.4999999967,0.0,0.0,9601.77777777777,11842611.303909,36905.9678991637,15013.3333333333,9984742,2463.79324133178,na,41469.0,Colorado,Control,True
2017-12-04,2933568.75,28923.5466666667,87842.1333333333,0.0,7493271.20796543,30409.8062367799,12733.3333333333,8430013,1656.46786461852,na,16136.0,Colorado,Control,True
2017-12-11,2373416.5000000033,0.0,0.0,0.0,10472084.5748901,27236.329063323,11120.0,7544173,3030.36123993544,na,37784.0,Colorado,Control,True
2017-12-18,2519135.5000000033,63749.0533333333,91841.6,0.0,4846725.42831303,32468.9839755883,11666.6666666667,7267249,1011.87769166753,na,43251.0,Colorado,Control,True
2017-12-25,4018896.0,90415.72,0.0,15034.4444444444,23016416.0721514,30009.8933476373,10080.0,6834014,7226.54800621497,na,57523.0,Colorado,Control,True
2018-01-01,3264934.7500000033,0.0,0.0,5291.68888888889,14403508.9745594,33305.9585773386,10653.3333333333,6891431,4281.21092460283,na,77617.0,Colorado,Control,True
2018-01-08,2339534.7499999967,0.0,3947.2,0.0,22268248.093474,33849.8109116647,10840.0,7355344,5472.97695689383,na,74527.0,Colorado,Control,True
2018-01-15,2312722.9999999967,39089.24,0.0,15480.6666666667,0.0,31966.3239607471,10080.0,6360391,0.0,na,10394.0,Colorado,Control,True
2018-01-22,2014207.9999999965,0.0,56811.2,19347.4222222223,0.0,22464.5871201724,9226.66666666667,5937052,0.0,na,9740.0,Colorado,Control,True
2018-01-29,1955581.2499999965,25169.2,0.0,0.0,0.0,25438.5119843879,8960.0,5721235,0.0,na,13533.0,Colorado,Control,True
2018-02-05,2074749.2500000035,0.0,0.0,4746.8,2966401.34773465,32276.283774587,10613.3333333333,6467565,472.98034791961,na,56102.0,Colorado,Control,True
2018-02-12,1918684.2499999965,9165.21333333333,54185.6,0.0,0.0,0.0,0.0,5749120,0.0,na,19401.6538461538,Colorado,Control,True
2018-02-19,1739081.7499999965,0.0,0.0,6311.42222222223,0.0,0.0,0.0,5389739,0.0,na,19401.6538461538,Colorado,Control,True
2018-02-26,1788979.5,12356.1066666667,56171.2,10002.8,0.0,25169.620752354,7413.33333333333,5114017,0.0,na,19325.0,Colorado,Control,True
2018-03-05,1562520.75,0.0,0.0,0.0,0.0,22794.6813986792,7360.0,4961257,0.0,na,18078.0,Colorado,Control,True
2018-03-12,1813696.5,53120.2533333333,90604.2666666667,20486.8,0.0,18269.5785913151,7080.0,4823884,0.0,na,8711.0,Colorado,Control,True
2018-03-19,1268659.0000000035,0.0,0.0,0.0,0.0,17809.8977351639,5960.0,4036244,0.0,na,12979.0,Colorado,Control,True
2018-03-26,1458408.0,19743.84,81915.2,2989.15555555556,0.0,14740.790069662,6333.33333333333,4191403,0.0,na,23910.0,Colorado,Control,True
2018-04-02,2528748.2500000033,0.0,0.0,0.0,0.0,18466.6799358092,5520.0,3583995,0.0,na,10567.0,Colorado,Control,True
2018-04-09,1188307.7500000035,0.0,11257.6,0.0,0.0,18498.1205239543,5973.33333333333,3771321,0.0,na,41329.0,Colorado,Control,True
2018-04-16,997515.75,0.0,0.0,0.0,7003770.76001093,16808.5217532585,4973.33333333333,3167512,2113.26047838464,na,21616.0,Colorado,Control,True
2018-04-23,841363.2499999998,0.0,158353.6,0.0,0.0,12274.6903112624,3693.33333333333,2604407,0.0,na,2529.0,Colorado,Control,True
2018-04-30,818830.2500000007,0.0,0.0,0.0,48661981.684228,9551.54238995163,3173.33333333333,2549137,12800.5972991227,na,6836.0,Colorado,Control,True
2018-05-07,934024.0000000003,0.0,59674.1333333333,0.0,0.0,15194.0923128355,4720.0,2937422,0.0,na,330.0,Colorado,Control,True
2018-05-14,905992.5,0.0,0.0,6803.64444444444,48377013.2836087,0.0,0.0,2752045,13040.4474426468,na,19401.6538461538,Colorado,Control,True
2018-05-21,2731681.7500000033,947.106666666667,26288.5333333333,0.0,0.0,0.0,0.0,3080867,0.0,event1,19401.6538461538,Colorado,Control,True
2018-05-28,950258.7500000007,0.0,0.0,4205.42222222223,4956890.74600197,12663.5104559052,4640.0,2957153,1009.04258358804,na,28568.0,Colorado,Control,True
2018-06-04,956079.2500000003,0.0,0.0,0.0,0.0,16079.2886873397,4720.0,3035519,0.0,na,26708.0,Colorado,Control,True
2018-06-11,970045.9999999998,8314.68,0.0,5424.66666666667,0.0,10628.7399063469,4533.33333333333,2885659,0.0,na,7675.0,Colorado,Control,True
2018-06-18,1031541.0,0.0,17462.9333333333,0.0,0.0,16028.6312039942,5413.33333333333,3263336,0.0,na,23355.0,Colorado,Control,True
2018-06-25,1109652.2500000035,0.0,0.0,10384.1333333333,13068806.1919231,13249.2323365062,5160.0,3369140,3756.94273854507,na,16989.0,Colorado,Control,True
2018-07-02,978943.0000000003,14621.9466666667,168101.333333333,0.0,0.0,10623.452379865,3933.33333333333,2839892,0.0,na,14653.0,Colorado,Control,True
2018-07-09,1182532.7500000035,0.0,0.0,11487.9111111111,34236690.5818597,14455.8407581877,5186.66666666667,3555964,8079.80213381583,na,15143.0,Colorado,Control,True
2018-07-16,1197007.0000000035,8855.78666666667,59517.8666666667,0.0,0.0,15286.7098639836,5146.66666666667,3590008,0.0,na,9013.0,Colorado,Control,True
2018-07-23,1553268.4999999965,9728.89333333333,0.0,5172.66666666667,0.0,15790.12289724,6920.0,4606123,0.0,na,22477.0,Colorado,Control,True
2018-07-30,1729552.9999999965,0.0,0.0,0.0,0.0,25944.3325242028,7746.66666666667,5494567,0.0,na,8906.0,Colorado,Control,True
2018-08-06,2109952.2499999967,13041.4933333333,92574.4,7200.13333333333,0.0,25628.492183603,8773.33333333333,6045317,0.0,na,59318.0,Colorado,Control,True
2018-08-13,1599615.4999999965,0.0,0.0,0.0,18207358.6991848,0.0,0.0,5035305,4450.75038775587,na,19401.6538461538,Colorado,Control,True
2018-08-20,1491124.2499999965,61563.12,106432.0,0.0,0.0,0.0,0.0,4208615,0.0,na,19401.6538461538,Colorado,Control,True
2018-08-27,1757229.2500000035,0.0,0.0,0.0,14621474.4848198,27411.1748394789,8586.66666666667,5541654,4508.4731882541,na,48020.0,Colorado,Control,True
2018-09-03,2164146.2500000037,11661.4133333333,68213.3333333333,772.444444444444,0.0,31195.6951985757,9733.33333333333,6397383,0.0,na,70855.0,Colorado,Control,True
2018-09-10,2251315.5,0.0,0.0,536.0,0.0,30301.0171558242,10506.6666666667,7137648,0.0,na,46225.0,Colorado,Control,True
2018-09-17,2161585.9999999967,0.0,46120.5333333333,9685.06666666667,13801981.7807277,31338.5629591066,9360.0,6541298,3402.89444157937,na,74995.0,Colorado,Control,True
2018-09-24,2318762.25,887.933333333333,29320.0,0.0,0.0,32265.167943233,10893.3333333333,7283453,0.0,na,1047.0,Colorado,Control,True
2018-10-01,2733158.7499999967,156703.44,26227.2,2698.44444444444,3798040.60699257,35375.6649126843,12346.6666666667,7884994,916.844868843293,na,34469.0,Colorado,Control,True
2018-10-08,2428852.9999999967,0.0,0.0,2589.82222222223,6774055.54593603,36422.3840879897,11493.3333333333,7610669,2015.84616477365,na,22232.0,Colorado,Control,True
2018-10-15,2953762.0000000033,44489.52,63107.2,1039.11111111111,11921024.3416382,30446.7250425369,12760.0,8364119,2442.58663289726,na,49409.0,Colorado,Control,True
2018-10-22,2798365.5,0.0,0.0,0.0,0.0,32520.1884579534,13493.3333333333,8898789,0.0,na,49575.0,Colorado,Control,True
2018-10-29,3095268.75,25289.9733333333,0.0,2128.13333333333,30516389.5964373,40913.5492475043,13800.0,8887808,7931.80949206687,na,42276.0,Colorado,Control,True
2018-11-05,2907388.7500000033,0.0,145392.0,1455.51111111111,0.0,39521.572610573,14053.3333333333,8982377,0.0,na,25332.0,Colorado,Control,True
2018-11-12,2799552.0,57350.92,0.0,0.0,39020754.6023527,0.0,0.0,7958631,8728.47486240127,na,19401.6538461538,Colorado,Control,True
2018-11-19,2687527.5,0.0,47053.3333333333,0.0,0.0,0.0,0.0,8467716,0.0,na,19401.6538461538,Colorado,Control,True
2018-11-26,2786455.0000000033,53525.2,0.0,15129.4666666667,21917216.9573501,52188.1282144227,16000.0,7536793,7003.5951068445,na,301.0,Colorado,Control,True
2018-12-03,2251938.4999999967,0.0,53558.9333333333,0.0,0.0,38041.1715080263,13986.6666666667,7097277,0.0,na,34832.0,Colorado,Control,True
2018-12-10,2574265.7500000033,0.0,0.0,6282.66666666667,0.0,50607.6691067817,15773.3333333333,7989344,0.0,na,68792.0,Colorado,Control,True
2018-12-17,2592961.0000000033,0.0,15363.7333333333,0.0,0.0,38023.9761183813,15546.6666666667,8215719,0.0,na,37199.0,Colorado,Control,True
2018-12-24,3368557.5,158046.573333333,0.0,7451.95555555556,32200517.8011506,50134.327502801,17146.6666666667,8125604,9068.00740600003,na,80865.0,Colorado,Control,True
2018-12-31,2884194.2500000033,51379.9066666667,0.0,0.0,0.0,34878.1585539847,14493.3333333333,7314043,0.0,na,54011.0,Colorado,Control,True
2019-01-07,2694473.25,0.0,329.6,903.6,6605940.80092233,40333.8662960333,17026.6666666667,8498273,1475.81477779394,na,96236.0,Colorado,Control,True
2019-01-14,2682569.7499999967,11583.9733333333,0.0,735.111111111111,0.0,37302.7862754223,16293.3333333333,8027598,0.0,na,80627.0,Colorado,Control,True
2019-01-21,2057692.0000000035,0.0,27275.2,2920.22222222223,10381943.6071373,39059.296134673,13813.3333333333,6399576,2861.5022027215,na,629.0,Colorado,Control,True
2019-01-28,2545711.0000000033,31676.4,0.0,0.0,0.0,39410.367500875,15200.0,7415825,0.0,na,19984.0,Colorado,Control,True
2019-02-04,2050713.0,0.0,0.0,4272.04444444444,0.0,47333.0483192967,13920.0,6396016,0.0,na,55736.0,Colorado,Control,True
2019-02-11,2191281.75,12722.84,0.0,1191.91111111111,8001487.21526073,0.0,0.0,6492811,2110.31196598198,na,19401.6538461538,Colorado,Control,True
2019-02-18,1759607.5000000035,0.0,0.0,501.688888888889,0.0,0.0,0.0,5588194,0.0,na,19401.6538461538,Colorado,Control,True
2019-02-25,2075233.9999999965,18120.96,30883.2,645.822222222223,510985.60009893,29510.1313617895,12186.6666666667,6078682,0.0,na,46243.0,Colorado,Control,True
2019-03-04,1554798.0,0.0,0.0,0.0,0.0,24697.386567737,9946.66666666667,4933396,0.0,na,36979.0,Colorado,Control,True
2019-03-11,1496775.0,5490.32,0.0,0.0,0.0,27353.2611552316,9040.0,4597321,0.0,na,23990.0,Colorado,Control,True
2019-03-18,1214703.0,0.0,0.0,0.0,27726469.9209919,18417.3058389686,7160.0,3818999,6120.74245089387,na,16046.0,Colorado,Control,True
2019-03-25,1314841.5,3483.38666666667,5765.33333333333,0.0,0.0,23635.3469101091,7973.33333333333,4083211,0.0,na,28980.0,Colorado,Control,True
2019-04-01,1269841.9999999965,0.0,0.0,0.0,11831373.4167825,24629.4621754088,7880.0,4017170,3308.65544901738,na,7453.0,Colorado,Control,True
2019-04-08,1242991.7500000035,47889.8133333333,2057.06666666667,0.0,0.0,22474.9158679508,7453.33333333333,3588301,0.0,na,37507.0,Colorado,Control,True
2019-04-15,964522.9999999998,0.0,0.0,2996.22222222223,0.0,21748.748582943,6400.0,3026520,0.0,na,43718.0,Colorado,Control,True
2019-04-22,2418774.75,4878.4,0.0,0.0,6453814.57751617,17160.486630913,6266.66666666667,3140648,1596.9305949494,event2,1167.0,Colorado,Control,True
2019-04-29,935208.75,0.0,0.0,12465.9111111111,10562526.3373281,18600.2945169807,5626.66666666667,2828444,2513.12412191477,na,1546.0,Colorado,Control,True
2019-05-06,1039409.0000000007,3695.89333333333,0.0,0.0,0.0,18702.8228417039,7280.0,3221944,0.0,na,34861.0,Colorado,Control,True
2019-05-13,961581.2500000003,0.0,0.0,2123.73333333333,21735746.9416065,0.0,0.0,2992910,6455.05839562637,na,19401.6538461538,Colorado,Control,True
2019-05-20,783515.25,29240.3866666667,5769.06666666667,3789.55555555556,0.0,0.0,0.0,2251073,0.0,na,19401.6538461538,Colorado,Control,True
2019-05-27,759974.25,0.0,3667.73333333333,0.0,0.0,13374.6984256237,5213.33333333333,2412562,0.0,na,21000.0,Colorado,Control,True
2019-06-03,948281.25,0.0,0.0,1391.91111111111,0.0,18279.8967874842,6200.0,2989592,0.0,na,19903.0,Colorado,Control,True
2019-06-10,705862.5,0.0,0.0,0.0,1303102.87249779,10167.5638429433,4146.66666666667,2240235,49.528605168199,na,8031.0,Colorado,Control,True
2019-06-17,776772.5000000007,0.0,0.0,0.0,0.0,12051.5514267609,4813.33333333333,2467712,0.0,na,20173.0,Colorado,Control,True
2019-06-24,873425.0000000007,6160.48,0.0,0.0,0.0,16141.2873046473,4933.33333333333,2672133,0.0,na,26938.0,Colorado,Control,True
2019-07-01,986891.5000000003,0.0,0.0,0.0,0.0,16051.0127298767,6386.66666666667,3132194,0.0,na,8713.0,Colorado,Control,True
2019-07-08,993835.5,5270.36,0.0,0.0,0.0,15111.7409414301,6133.33333333333,3060018,0.0,na,17384.0,Colorado,Control,True
2019-07-15,1117108.9999999965,0.0,66465.0666666667,0.0,0.0,25572.1556008095,7720.0,3505139,0.0,na,4153.0,Colorado,Control,True
2019-07-22,1342134.4999999965,12049.5066666667,0.0,0.0,9985410.35203357,25782.638883063,8520.0,4004072,2860.14135084335,na,25861.0,Colorado,Control,True
2019-07-29,1575869.7499999965,0.0,38432.5333333333,0.0,0.0,25109.025698974,9520.0,4982078,0.0,na,1820.0,Colorado,Control,True
2019-08-05,1935274.2499999965,13009.9733333333,0.0,0.0,59432757.6381927,34772.6446345877,10813.3333333333,5672763,15400.3914080076,na,40473.0,Colorado,Control,True
2019-08-12,1515961.9999999965,0.0,33946.6666666667,0.0,0.0,0.0,0.0,4783227,0.0,na,19401.6538461538,Colorado,Control,True
2019-08-19,1467306.75,0.0,0.0,3220.26666666667,32772018.1982201,0.0,0.0,4520254,9744.91781105713,na,19401.6538461538,Colorado,Control,True
2019-08-26,2026933.9999999965,0.0,38522.1333333333,0.0,0.0,37858.4673788283,12986.6666666667,6397749,0.0,na,48083.0,Colorado,Control,True
2019-09-02,2212316.7499999967,226.413333333333,0.0,13731.1555555556,13581799.2530786,39232.5917333713,12800.0,6637702,4037.9586513833,na,34061.0,Colorado,Control,True
2019-09-09,2345446.2499999967,49267.8,4244.8,0.0,0.0,45976.5561046157,13760.0,6774864,0.0,na,31325.0,Colorado,Control,True
2019-09-16,2703905.7499999967,0.0,11461.8666666667,14604.3111111111,6328270.5669119,51907.6621149743,16093.3333333333,8116568,1330.88405277083,na,70417.0,Colorado,Control,True
2019-09-23,2636499.2500000033,27816.9466666667,0.0,0.0,0.0,48537.5137808267,15426.6666666667,7702931,0.0,na,50905.0,Colorado,Control,True
2019-09-30,2389401.0,0.0,31455.4666666667,19608.9333333333,0.0,43225.8519776553,14680.0,7060116,0.0,na,79428.0,Colorado,Control,True
2019-10-07,2630419.7500000033,19263.9466666667,0.0,0.0,47150915.7005637,42510.0755134987,15346.6666666667,7603752,13859.7936776171,na,58284.0,Colorado,Control,True
2019-10-14,2579052.0,0.0,32230.9333333333,20496.4888888889,0.0,50946.7744707207,14946.6666666667,7612762,0.0,na,28157.0,Colorado,Control,True
2019-10-21,2291966.25,20655.68,0.0,0.0,18960654.0784026,34560.0159402123,13826.6666666667,6701667,4454.15251745123,na,10644.0,Colorado,Control,True
2019-10-28,2496592.0000000033,2931.0,7516.8,2330.13333333333,0.0,46129.2347125477,15293.3333333333,7688920,0.0,na,9597.0,Colorado,Control,True
2019-11-04,2869466.25,2993.73333333333,0.0,3206.84444444444,0.0,50569.3301540683,17880.0,8815710,0.0,na,90189.0,Colorado,Control,True
2019-11-11,2906177.7499999967,0.0,0.0,0.0,42660373.2550797,0.0,0.0,9067759,12206.3586456633,na,19401.6538461538,Colorado,Control,True
